2025-08-19 20:38:43,296 - __main__ - INFO - WebRTC VAD initialized with aggressiveness level 2
2025-08-19 20:38:43,296 - __main__ - INFO - Speech Recognition initialized
2025-08-19 20:38:43,296 - __main__ - INFO - AudioProcessor initialized (sample_rate=16000Hz)
2025-08-19 20:38:43,296 - __main__ - INFO - SpeakerManager initialized
2025-08-19 20:38:43,296 - __main__ - INFO - WebSocket server initialized on localhost:8765
2025-08-19 20:38:43,411 - websockets.server - INFO - server listening on [::1]:8765
2025-08-19 20:38:43,411 - websockets.server - INFO - server listening on 127.0.0.1:8765
2025-08-19 20:39:21,306 - websockets.server - INFO - connection open
2025-08-19 20:39:21,307 - websockets.server - ERROR - connection handler failed
Traceback (most recent call last):
  File "C:\Users\LOQ\OneDrive\Pictures\Desktop\Cyber_Traning\closer-speacer-detiction\.venv\Lib\site-packages\websockets\asyncio\server.py", line 376, in conn_handler
    await self.handler(connection)
          ~~~~~~~~~~~~^^^^^^^^^^^^
TypeError: WebSocketServer.handle_client() missing 1 required positional argument: 'path'
2025-08-19 20:39:22,695 - websockets.server - INFO - connection open
2025-08-19 20:39:22,695 - websockets.server - ERROR - connection handler failed
Traceback (most recent call last):
  File "C:\Users\LOQ\OneDrive\Pictures\Desktop\Cyber_Traning\closer-speacer-detiction\.venv\Lib\site-packages\websockets\asyncio\server.py", line 376, in conn_handler
    await self.handler(connection)
          ~~~~~~~~~~~~^^^^^^^^^^^^
TypeError: WebSocketServer.handle_client() missing 1 required positional argument: 'path'
2025-08-19 20:39:23,325 - websockets.server - INFO - connection open
2025-08-19 20:39:23,325 - websockets.server - ERROR - connection handler failed
Traceback (most recent call last):
  File "C:\Users\LOQ\OneDrive\Pictures\Desktop\Cyber_Traning\closer-speacer-detiction\.venv\Lib\site-packages\websockets\asyncio\server.py", line 376, in conn_handler
    await self.handler(connection)
          ~~~~~~~~~~~~^^^^^^^^^^^^
TypeError: WebSocketServer.handle_client() missing 1 required positional argument: 'path'
2025-08-19 20:39:23,822 - websockets.server - INFO - connection open
2025-08-19 20:39:23,822 - websockets.server - ERROR - connection handler failed
Traceback (most recent call last):
  File "C:\Users\LOQ\OneDrive\Pictures\Desktop\Cyber_Traning\closer-speacer-detiction\.venv\Lib\site-packages\websockets\asyncio\server.py", line 376, in conn_handler
    await self.handler(connection)
          ~~~~~~~~~~~~^^^^^^^^^^^^
TypeError: WebSocketServer.handle_client() missing 1 required positional argument: 'path'
2025-08-19 20:39:24,705 - websockets.server - INFO - connection open
2025-08-19 20:39:24,706 - websockets.server - ERROR - connection handler failed
Traceback (most recent call last):
  File "C:\Users\LOQ\OneDrive\Pictures\Desktop\Cyber_Traning\closer-speacer-detiction\.venv\Lib\site-packages\websockets\asyncio\server.py", line 376, in conn_handler
    await self.handler(connection)
          ~~~~~~~~~~~~^^^^^^^^^^^^
TypeError: WebSocketServer.handle_client() missing 1 required positional argument: 'path'
2025-08-19 20:39:25,334 - websockets.server - INFO - connection open
2025-08-19 20:39:25,335 - websockets.server - ERROR - connection handler failed
Traceback (most recent call last):
  File "C:\Users\LOQ\OneDrive\Pictures\Desktop\Cyber_Traning\closer-speacer-detiction\.venv\Lib\site-packages\websockets\asyncio\server.py", line 376, in conn_handler
    await self.handler(connection)
          ~~~~~~~~~~~~^^^^^^^^^^^^
TypeError: WebSocketServer.handle_client() missing 1 required positional argument: 'path'
2025-08-19 20:39:25,834 - websockets.server - INFO - connection open
2025-08-19 20:39:25,835 - websockets.server - ERROR - connection handler failed
Traceback (most recent call last):
  File "C:\Users\LOQ\OneDrive\Pictures\Desktop\Cyber_Traning\closer-speacer-detiction\.venv\Lib\site-packages\websockets\asyncio\server.py", line 376, in conn_handler
    await self.handler(connection)
          ~~~~~~~~~~~~^^^^^^^^^^^^
TypeError: WebSocketServer.handle_client() missing 1 required positional argument: 'path'
2025-08-19 20:39:26,713 - websockets.server - INFO - connection open
2025-08-19 20:39:26,713 - websockets.server - ERROR - connection handler failed
Traceback (most recent call last):
  File "C:\Users\LOQ\OneDrive\Pictures\Desktop\Cyber_Traning\closer-speacer-detiction\.venv\Lib\site-packages\websockets\asyncio\server.py", line 376, in conn_handler
    await self.handler(connection)
          ~~~~~~~~~~~~^^^^^^^^^^^^
TypeError: WebSocketServer.handle_client() missing 1 required positional argument: 'path'
2025-08-19 20:39:27,358 - websockets.server - INFO - connection open
2025-08-19 20:39:27,358 - websockets.server - ERROR - connection handler failed
Traceback (most recent call last):
  File "C:\Users\LOQ\OneDrive\Pictures\Desktop\Cyber_Traning\closer-speacer-detiction\.venv\Lib\site-packages\websockets\asyncio\server.py", line 376, in conn_handler
    await self.handler(connection)
          ~~~~~~~~~~~~^^^^^^^^^^^^
TypeError: WebSocketServer.handle_client() missing 1 required positional argument: 'path'
2025-08-19 20:39:28,409 - websockets.server - INFO - connection open
2025-08-19 20:39:28,409 - websockets.server - ERROR - connection handler failed
Traceback (most recent call last):
  File "C:\Users\LOQ\OneDrive\Pictures\Desktop\Cyber_Traning\closer-speacer-detiction\.venv\Lib\site-packages\websockets\asyncio\server.py", line 376, in conn_handler
    await self.handler(connection)
          ~~~~~~~~~~~~^^^^^^^^^^^^
TypeError: WebSocketServer.handle_client() missing 1 required positional argument: 'path'
2025-08-19 20:39:29,407 - websockets.server - INFO - connection open
2025-08-19 20:39:29,408 - websockets.server - ERROR - connection handler failed
Traceback (most recent call last):
  File "C:\Users\LOQ\OneDrive\Pictures\Desktop\Cyber_Traning\closer-speacer-detiction\.venv\Lib\site-packages\websockets\asyncio\server.py", line 376, in conn_handler
    await self.handler(connection)
          ~~~~~~~~~~~~^^^^^^^^^^^^
TypeError: WebSocketServer.handle_client() missing 1 required positional argument: 'path'
2025-08-19 20:39:29,420 - websockets.server - INFO - connection open
2025-08-19 20:39:29,421 - websockets.server - ERROR - connection handler failed
Traceback (most recent call last):
  File "C:\Users\LOQ\OneDrive\Pictures\Desktop\Cyber_Traning\closer-speacer-detiction\.venv\Lib\site-packages\websockets\asyncio\server.py", line 376, in conn_handler
    await self.handler(connection)
          ~~~~~~~~~~~~^^^^^^^^^^^^
TypeError: WebSocketServer.handle_client() missing 1 required positional argument: 'path'
2025-08-19 20:39:31,406 - websockets.server - INFO - connection open
2025-08-19 20:39:31,407 - websockets.server - ERROR - connection handler failed
Traceback (most recent call last):
  File "C:\Users\LOQ\OneDrive\Pictures\Desktop\Cyber_Traning\closer-speacer-detiction\.venv\Lib\site-packages\websockets\asyncio\server.py", line 376, in conn_handler
    await self.handler(connection)
          ~~~~~~~~~~~~^^^^^^^^^^^^
TypeError: WebSocketServer.handle_client() missing 1 required positional argument: 'path'
2025-08-19 20:39:32,417 - websockets.server - INFO - connection open
2025-08-19 20:39:32,418 - websockets.server - ERROR - connection handler failed
Traceback (most recent call last):
  File "C:\Users\LOQ\OneDrive\Pictures\Desktop\Cyber_Traning\closer-speacer-detiction\.venv\Lib\site-packages\websockets\asyncio\server.py", line 376, in conn_handler
    await self.handler(connection)
          ~~~~~~~~~~~~^^^^^^^^^^^^
TypeError: WebSocketServer.handle_client() missing 1 required positional argument: 'path'
2025-08-19 20:39:32,447 - websockets.server - INFO - connection open
2025-08-19 20:39:32,449 - websockets.server - ERROR - connection handler failed
Traceback (most recent call last):
  File "C:\Users\LOQ\OneDrive\Pictures\Desktop\Cyber_Traning\closer-speacer-detiction\.venv\Lib\site-packages\websockets\asyncio\server.py", line 376, in conn_handler
    await self.handler(connection)
          ~~~~~~~~~~~~^^^^^^^^^^^^
TypeError: WebSocketServer.handle_client() missing 1 required positional argument: 'path'
2025-08-19 20:39:34,419 - websockets.server - INFO - connection open
2025-08-19 20:39:34,420 - websockets.server - ERROR - connection handler failed
Traceback (most recent call last):
  File "C:\Users\LOQ\OneDrive\Pictures\Desktop\Cyber_Traning\closer-speacer-detiction\.venv\Lib\site-packages\websockets\asyncio\server.py", line 376, in conn_handler
    await self.handler(connection)
          ~~~~~~~~~~~~^^^^^^^^^^^^
TypeError: WebSocketServer.handle_client() missing 1 required positional argument: 'path'
2025-08-19 20:39:35,411 - websockets.server - INFO - connection open
2025-08-19 20:39:35,411 - websockets.server - ERROR - connection handler failed
Traceback (most recent call last):
  File "C:\Users\LOQ\OneDrive\Pictures\Desktop\Cyber_Traning\closer-speacer-detiction\.venv\Lib\site-packages\websockets\asyncio\server.py", line 376, in conn_handler
    await self.handler(connection)
          ~~~~~~~~~~~~^^^^^^^^^^^^
TypeError: WebSocketServer.handle_client() missing 1 required positional argument: 'path'
2025-08-19 20:39:35,430 - websockets.server - INFO - connection open
2025-08-19 20:39:35,430 - websockets.server - ERROR - connection handler failed
Traceback (most recent call last):
  File "C:\Users\LOQ\OneDrive\Pictures\Desktop\Cyber_Traning\closer-speacer-detiction\.venv\Lib\site-packages\websockets\asyncio\server.py", line 376, in conn_handler
    await self.handler(connection)
          ~~~~~~~~~~~~^^^^^^^^^^^^
TypeError: WebSocketServer.handle_client() missing 1 required positional argument: 'path'
2025-08-19 20:39:37,407 - websockets.server - INFO - connection open
2025-08-19 20:39:37,408 - websockets.server - ERROR - connection handler failed
Traceback (most recent call last):
  File "C:\Users\LOQ\OneDrive\Pictures\Desktop\Cyber_Traning\closer-speacer-detiction\.venv\Lib\site-packages\websockets\asyncio\server.py", line 376, in conn_handler
    await self.handler(connection)
          ~~~~~~~~~~~~^^^^^^^^^^^^
TypeError: WebSocketServer.handle_client() missing 1 required positional argument: 'path'
2025-08-19 20:39:38,416 - websockets.server - INFO - connection open
2025-08-19 20:39:38,417 - websockets.server - ERROR - connection handler failed
Traceback (most recent call last):
  File "C:\Users\LOQ\OneDrive\Pictures\Desktop\Cyber_Traning\closer-speacer-detiction\.venv\Lib\site-packages\websockets\asyncio\server.py", line 376, in conn_handler
    await self.handler(connection)
          ~~~~~~~~~~~~^^^^^^^^^^^^
TypeError: WebSocketServer.handle_client() missing 1 required positional argument: 'path'
2025-08-19 20:39:38,435 - websockets.server - INFO - connection open
2025-08-19 20:39:38,435 - websockets.server - ERROR - connection handler failed
Traceback (most recent call last):
  File "C:\Users\LOQ\OneDrive\Pictures\Desktop\Cyber_Traning\closer-speacer-detiction\.venv\Lib\site-packages\websockets\asyncio\server.py", line 376, in conn_handler
    await self.handler(connection)
          ~~~~~~~~~~~~^^^^^^^^^^^^
TypeError: WebSocketServer.handle_client() missing 1 required positional argument: 'path'
2025-08-19 20:39:40,415 - websockets.server - INFO - connection open
2025-08-19 20:39:40,415 - websockets.server - ERROR - connection handler failed
Traceback (most recent call last):
  File "C:\Users\LOQ\OneDrive\Pictures\Desktop\Cyber_Traning\closer-speacer-detiction\.venv\Lib\site-packages\websockets\asyncio\server.py", line 376, in conn_handler
    await self.handler(connection)
          ~~~~~~~~~~~~^^^^^^^^^^^^
TypeError: WebSocketServer.handle_client() missing 1 required positional argument: 'path'
2025-08-19 20:39:41,407 - websockets.server - INFO - connection open
2025-08-19 20:39:41,407 - websockets.server - ERROR - connection handler failed
Traceback (most recent call last):
  File "C:\Users\LOQ\OneDrive\Pictures\Desktop\Cyber_Traning\closer-speacer-detiction\.venv\Lib\site-packages\websockets\asyncio\server.py", line 376, in conn_handler
    await self.handler(connection)
          ~~~~~~~~~~~~^^^^^^^^^^^^
TypeError: WebSocketServer.handle_client() missing 1 required positional argument: 'path'
2025-08-19 20:39:41,420 - websockets.server - INFO - connection open
2025-08-19 20:39:41,420 - websockets.server - ERROR - connection handler failed
Traceback (most recent call last):
  File "C:\Users\LOQ\OneDrive\Pictures\Desktop\Cyber_Traning\closer-speacer-detiction\.venv\Lib\site-packages\websockets\asyncio\server.py", line 376, in conn_handler
    await self.handler(connection)
          ~~~~~~~~~~~~^^^^^^^^^^^^
TypeError: WebSocketServer.handle_client() missing 1 required positional argument: 'path'
2025-08-19 20:39:43,405 - websockets.server - INFO - connection open
2025-08-19 20:39:43,406 - websockets.server - ERROR - connection handler failed
Traceback (most recent call last):
  File "C:\Users\LOQ\OneDrive\Pictures\Desktop\Cyber_Traning\closer-speacer-detiction\.venv\Lib\site-packages\websockets\asyncio\server.py", line 376, in conn_handler
    await self.handler(connection)
          ~~~~~~~~~~~~^^^^^^^^^^^^
TypeError: WebSocketServer.handle_client() missing 1 required positional argument: 'path'
2025-08-19 20:39:44,406 - websockets.server - INFO - connection open
2025-08-19 20:39:44,407 - websockets.server - ERROR - connection handler failed
Traceback (most recent call last):
  File "C:\Users\LOQ\OneDrive\Pictures\Desktop\Cyber_Traning\closer-speacer-detiction\.venv\Lib\site-packages\websockets\asyncio\server.py", line 376, in conn_handler
    await self.handler(connection)
          ~~~~~~~~~~~~^^^^^^^^^^^^
TypeError: WebSocketServer.handle_client() missing 1 required positional argument: 'path'
2025-08-19 20:39:44,431 - websockets.server - INFO - connection open
2025-08-19 20:39:44,432 - websockets.server - ERROR - connection handler failed
Traceback (most recent call last):
  File "C:\Users\LOQ\OneDrive\Pictures\Desktop\Cyber_Traning\closer-speacer-detiction\.venv\Lib\site-packages\websockets\asyncio\server.py", line 376, in conn_handler
    await self.handler(connection)
          ~~~~~~~~~~~~^^^^^^^^^^^^
TypeError: WebSocketServer.handle_client() missing 1 required positional argument: 'path'
2025-08-19 20:39:45,415 - websockets.server - INFO - connection open
2025-08-19 20:39:45,415 - websockets.server - ERROR - connection handler failed
Traceback (most recent call last):
  File "C:\Users\LOQ\OneDrive\Pictures\Desktop\Cyber_Traning\closer-speacer-detiction\.venv\Lib\site-packages\websockets\asyncio\server.py", line 376, in conn_handler
    await self.handler(connection)
          ~~~~~~~~~~~~^^^^^^^^^^^^
TypeError: WebSocketServer.handle_client() missing 1 required positional argument: 'path'
2025-08-19 20:39:46,431 - websockets.server - INFO - connection open
2025-08-19 20:39:46,432 - websockets.server - ERROR - connection handler failed
Traceback (most recent call last):
  File "C:\Users\LOQ\OneDrive\Pictures\Desktop\Cyber_Traning\closer-speacer-detiction\.venv\Lib\site-packages\websockets\asyncio\server.py", line 376, in conn_handler
    await self.handler(connection)
          ~~~~~~~~~~~~^^^^^^^^^^^^
TypeError: WebSocketServer.handle_client() missing 1 required positional argument: 'path'
2025-08-19 20:39:46,450 - websockets.server - INFO - connection open
2025-08-19 20:39:46,451 - websockets.server - ERROR - connection handler failed
Traceback (most recent call last):
  File "C:\Users\LOQ\OneDrive\Pictures\Desktop\Cyber_Traning\closer-speacer-detiction\.venv\Lib\site-packages\websockets\asyncio\server.py", line 376, in conn_handler
    await self.handler(connection)
          ~~~~~~~~~~~~^^^^^^^^^^^^
TypeError: WebSocketServer.handle_client() missing 1 required positional argument: 'path'
2025-08-19 20:39:47,430 - websockets.server - INFO - connection open
2025-08-19 20:39:47,431 - websockets.server - ERROR - connection handler failed
Traceback (most recent call last):
  File "C:\Users\LOQ\OneDrive\Pictures\Desktop\Cyber_Traning\closer-speacer-detiction\.venv\Lib\site-packages\websockets\asyncio\server.py", line 376, in conn_handler
    await self.handler(connection)
          ~~~~~~~~~~~~^^^^^^^^^^^^
TypeError: WebSocketServer.handle_client() missing 1 required positional argument: 'path'
2025-08-19 20:39:49,433 - websockets.server - INFO - connection open
2025-08-19 20:39:49,434 - websockets.server - ERROR - connection handler failed
Traceback (most recent call last):
  File "C:\Users\LOQ\OneDrive\Pictures\Desktop\Cyber_Traning\closer-speacer-detiction\.venv\Lib\site-packages\websockets\asyncio\server.py", line 376, in conn_handler
    await self.handler(connection)
          ~~~~~~~~~~~~^^^^^^^^^^^^
TypeError: WebSocketServer.handle_client() missing 1 required positional argument: 'path'
2025-08-19 20:39:49,449 - websockets.server - INFO - connection open
2025-08-19 20:39:49,450 - websockets.server - ERROR - connection handler failed
Traceback (most recent call last):
  File "C:\Users\LOQ\OneDrive\Pictures\Desktop\Cyber_Traning\closer-speacer-detiction\.venv\Lib\site-packages\websockets\asyncio\server.py", line 376, in conn_handler
    await self.handler(connection)
          ~~~~~~~~~~~~^^^^^^^^^^^^
TypeError: WebSocketServer.handle_client() missing 1 required positional argument: 'path'
2025-08-19 20:39:50,407 - websockets.server - INFO - connection open
2025-08-19 20:39:50,408 - websockets.server - ERROR - connection handler failed
Traceback (most recent call last):
  File "C:\Users\LOQ\OneDrive\Pictures\Desktop\Cyber_Traning\closer-speacer-detiction\.venv\Lib\site-packages\websockets\asyncio\server.py", line 376, in conn_handler
    await self.handler(connection)
          ~~~~~~~~~~~~^^^^^^^^^^^^
TypeError: WebSocketServer.handle_client() missing 1 required positional argument: 'path'
2025-08-19 20:39:52,408 - websockets.server - INFO - connection open
2025-08-19 20:39:52,409 - websockets.server - ERROR - connection handler failed
Traceback (most recent call last):
  File "C:\Users\LOQ\OneDrive\Pictures\Desktop\Cyber_Traning\closer-speacer-detiction\.venv\Lib\site-packages\websockets\asyncio\server.py", line 376, in conn_handler
    await self.handler(connection)
          ~~~~~~~~~~~~^^^^^^^^^^^^
TypeError: WebSocketServer.handle_client() missing 1 required positional argument: 'path'
2025-08-19 20:39:52,425 - websockets.server - INFO - connection open
2025-08-19 20:39:52,426 - websockets.server - ERROR - connection handler failed
Traceback (most recent call last):
  File "C:\Users\LOQ\OneDrive\Pictures\Desktop\Cyber_Traning\closer-speacer-detiction\.venv\Lib\site-packages\websockets\asyncio\server.py", line 376, in conn_handler
    await self.handler(connection)
          ~~~~~~~~~~~~^^^^^^^^^^^^
TypeError: WebSocketServer.handle_client() missing 1 required positional argument: 'path'
2025-08-19 20:39:53,410 - websockets.server - INFO - connection open
2025-08-19 20:39:53,410 - websockets.server - ERROR - connection handler failed
Traceback (most recent call last):
  File "C:\Users\LOQ\OneDrive\Pictures\Desktop\Cyber_Traning\closer-speacer-detiction\.venv\Lib\site-packages\websockets\asyncio\server.py", line 376, in conn_handler
    await self.handler(connection)
          ~~~~~~~~~~~~^^^^^^^^^^^^
TypeError: WebSocketServer.handle_client() missing 1 required positional argument: 'path'
2025-08-19 20:39:55,411 - websockets.server - INFO - connection open
2025-08-19 20:39:55,411 - websockets.server - ERROR - connection handler failed
Traceback (most recent call last):
  File "C:\Users\LOQ\OneDrive\Pictures\Desktop\Cyber_Traning\closer-speacer-detiction\.venv\Lib\site-packages\websockets\asyncio\server.py", line 376, in conn_handler
    await self.handler(connection)
          ~~~~~~~~~~~~^^^^^^^^^^^^
TypeError: WebSocketServer.handle_client() missing 1 required positional argument: 'path'
2025-08-19 20:39:55,436 - websockets.server - INFO - connection open
2025-08-19 20:39:55,437 - websockets.server - ERROR - connection handler failed
Traceback (most recent call last):
  File "C:\Users\LOQ\OneDrive\Pictures\Desktop\Cyber_Traning\closer-speacer-detiction\.venv\Lib\site-packages\websockets\asyncio\server.py", line 376, in conn_handler
    await self.handler(connection)
          ~~~~~~~~~~~~^^^^^^^^^^^^
TypeError: WebSocketServer.handle_client() missing 1 required positional argument: 'path'
2025-08-19 20:39:56,415 - websockets.server - INFO - connection open
2025-08-19 20:39:56,417 - websockets.server - ERROR - connection handler failed
Traceback (most recent call last):
  File "C:\Users\LOQ\OneDrive\Pictures\Desktop\Cyber_Traning\closer-speacer-detiction\.venv\Lib\site-packages\websockets\asyncio\server.py", line 376, in conn_handler
    await self.handler(connection)
          ~~~~~~~~~~~~^^^^^^^^^^^^
TypeError: WebSocketServer.handle_client() missing 1 required positional argument: 'path'
2025-08-19 20:39:57,862 - websockets.server - INFO - connection open
2025-08-19 20:39:57,863 - websockets.server - ERROR - connection handler failed
Traceback (most recent call last):
  File "C:\Users\LOQ\OneDrive\Pictures\Desktop\Cyber_Traning\closer-speacer-detiction\.venv\Lib\site-packages\websockets\asyncio\server.py", line 376, in conn_handler
    await self.handler(connection)
          ~~~~~~~~~~~~^^^^^^^^^^^^
TypeError: WebSocketServer.handle_client() missing 1 required positional argument: 'path'
2025-08-19 20:39:57,881 - websockets.server - INFO - connection open
2025-08-19 20:39:57,881 - websockets.server - ERROR - connection handler failed
Traceback (most recent call last):
  File "C:\Users\LOQ\OneDrive\Pictures\Desktop\Cyber_Traning\closer-speacer-detiction\.venv\Lib\site-packages\websockets\asyncio\server.py", line 376, in conn_handler
    await self.handler(connection)
          ~~~~~~~~~~~~^^^^^^^^^^^^
TypeError: WebSocketServer.handle_client() missing 1 required positional argument: 'path'
2025-08-19 20:39:58,432 - websockets.server - INFO - connection open
2025-08-19 20:39:58,434 - websockets.server - ERROR - connection handler failed
Traceback (most recent call last):
  File "C:\Users\LOQ\OneDrive\Pictures\Desktop\Cyber_Traning\closer-speacer-detiction\.venv\Lib\site-packages\websockets\asyncio\server.py", line 376, in conn_handler
    await self.handler(connection)
          ~~~~~~~~~~~~^^^^^^^^^^^^
TypeError: WebSocketServer.handle_client() missing 1 required positional argument: 'path'
2025-08-19 20:39:59,892 - websockets.server - INFO - connection open
2025-08-19 20:39:59,893 - websockets.server - ERROR - connection handler failed
Traceback (most recent call last):
  File "C:\Users\LOQ\OneDrive\Pictures\Desktop\Cyber_Traning\closer-speacer-detiction\.venv\Lib\site-packages\websockets\asyncio\server.py", line 376, in conn_handler
    await self.handler(connection)
          ~~~~~~~~~~~~^^^^^^^^^^^^
TypeError: WebSocketServer.handle_client() missing 1 required positional argument: 'path'
2025-08-19 20:39:59,918 - websockets.server - INFO - connection open
2025-08-19 20:39:59,920 - websockets.server - ERROR - connection handler failed
Traceback (most recent call last):
  File "C:\Users\LOQ\OneDrive\Pictures\Desktop\Cyber_Traning\closer-speacer-detiction\.venv\Lib\site-packages\websockets\asyncio\server.py", line 376, in conn_handler
    await self.handler(connection)
          ~~~~~~~~~~~~^^^^^^^^^^^^
TypeError: WebSocketServer.handle_client() missing 1 required positional argument: 'path'
2025-08-19 20:40:00,442 - websockets.server - INFO - connection open
2025-08-19 20:40:00,442 - websockets.server - ERROR - connection handler failed
Traceback (most recent call last):
  File "C:\Users\LOQ\OneDrive\Pictures\Desktop\Cyber_Traning\closer-speacer-detiction\.venv\Lib\site-packages\websockets\asyncio\server.py", line 376, in conn_handler
    await self.handler(connection)
          ~~~~~~~~~~~~^^^^^^^^^^^^
TypeError: WebSocketServer.handle_client() missing 1 required positional argument: 'path'
2025-08-19 20:40:01,449 - websockets.server - INFO - connection open
2025-08-19 20:40:01,450 - websockets.server - ERROR - connection handler failed
Traceback (most recent call last):
  File "C:\Users\LOQ\OneDrive\Pictures\Desktop\Cyber_Traning\closer-speacer-detiction\.venv\Lib\site-packages\websockets\asyncio\server.py", line 376, in conn_handler
    await self.handler(connection)
          ~~~~~~~~~~~~^^^^^^^^^^^^
TypeError: WebSocketServer.handle_client() missing 1 required positional argument: 'path'
2025-08-19 20:40:01,914 - websockets.server - INFO - connection open
2025-08-19 20:40:01,915 - websockets.server - ERROR - connection handler failed
Traceback (most recent call last):
  File "C:\Users\LOQ\OneDrive\Pictures\Desktop\Cyber_Traning\closer-speacer-detiction\.venv\Lib\site-packages\websockets\asyncio\server.py", line 376, in conn_handler
    await self.handler(connection)
          ~~~~~~~~~~~~^^^^^^^^^^^^
TypeError: WebSocketServer.handle_client() missing 1 required positional argument: 'path'
2025-08-19 20:40:01,932 - websockets.server - INFO - connection open
2025-08-19 20:40:01,933 - websockets.server - ERROR - connection handler failed
Traceback (most recent call last):
  File "C:\Users\LOQ\OneDrive\Pictures\Desktop\Cyber_Traning\closer-speacer-detiction\.venv\Lib\site-packages\websockets\asyncio\server.py", line 376, in conn_handler
    await self.handler(connection)
          ~~~~~~~~~~~~^^^^^^^^^^^^
TypeError: WebSocketServer.handle_client() missing 1 required positional argument: 'path'
2025-08-19 20:40:02,173 - websockets.server - INFO - connection open
2025-08-19 20:40:02,174 - websockets.server - ERROR - connection handler failed
Traceback (most recent call last):
  File "C:\Users\LOQ\OneDrive\Pictures\Desktop\Cyber_Traning\closer-speacer-detiction\.venv\Lib\site-packages\websockets\asyncio\server.py", line 376, in conn_handler
    await self.handler(connection)
          ~~~~~~~~~~~~^^^^^^^^^^^^
TypeError: WebSocketServer.handle_client() missing 1 required positional argument: 'path'
2025-08-19 20:40:02,378 - websockets.server - INFO - connection open
2025-08-19 20:40:02,379 - websockets.server - ERROR - connection handler failed
Traceback (most recent call last):
  File "C:\Users\LOQ\OneDrive\Pictures\Desktop\Cyber_Traning\closer-speacer-detiction\.venv\Lib\site-packages\websockets\asyncio\server.py", line 376, in conn_handler
    await self.handler(connection)
          ~~~~~~~~~~~~^^^^^^^^^^^^
TypeError: WebSocketServer.handle_client() missing 1 required positional argument: 'path'
2025-08-19 20:40:02,449 - websockets.server - INFO - connection open
2025-08-19 20:40:02,449 - websockets.server - ERROR - connection handler failed
Traceback (most recent call last):
  File "C:\Users\LOQ\OneDrive\Pictures\Desktop\Cyber_Traning\closer-speacer-detiction\.venv\Lib\site-packages\websockets\asyncio\server.py", line 376, in conn_handler
    await self.handler(connection)
          ~~~~~~~~~~~~^^^^^^^^^^^^
TypeError: WebSocketServer.handle_client() missing 1 required positional argument: 'path'
2025-08-19 20:40:03,464 - websockets.server - INFO - connection open
2025-08-19 20:40:03,465 - websockets.server - ERROR - connection handler failed
Traceback (most recent call last):
  File "C:\Users\LOQ\OneDrive\Pictures\Desktop\Cyber_Traning\closer-speacer-detiction\.venv\Lib\site-packages\websockets\asyncio\server.py", line 376, in conn_handler
    await self.handler(connection)
          ~~~~~~~~~~~~^^^^^^^^^^^^
TypeError: WebSocketServer.handle_client() missing 1 required positional argument: 'path'
2025-08-19 20:40:04,405 - websockets.server - INFO - connection open
2025-08-19 20:40:04,406 - websockets.server - ERROR - connection handler failed
Traceback (most recent call last):
  File "C:\Users\LOQ\OneDrive\Pictures\Desktop\Cyber_Traning\closer-speacer-detiction\.venv\Lib\site-packages\websockets\asyncio\server.py", line 376, in conn_handler
    await self.handler(connection)
          ~~~~~~~~~~~~^^^^^^^^^^^^
TypeError: WebSocketServer.handle_client() missing 1 required positional argument: 'path'
2025-08-19 20:40:04,434 - websockets.server - INFO - connection open
2025-08-19 20:40:04,434 - websockets.server - ERROR - connection handler failed
Traceback (most recent call last):
  File "C:\Users\LOQ\OneDrive\Pictures\Desktop\Cyber_Traning\closer-speacer-detiction\.venv\Lib\site-packages\websockets\asyncio\server.py", line 376, in conn_handler
    await self.handler(connection)
          ~~~~~~~~~~~~^^^^^^^^^^^^
TypeError: WebSocketServer.handle_client() missing 1 required positional argument: 'path'
2025-08-19 20:40:04,450 - websockets.server - INFO - connection open
2025-08-19 20:40:04,450 - websockets.server - ERROR - connection handler failed
Traceback (most recent call last):
  File "C:\Users\LOQ\OneDrive\Pictures\Desktop\Cyber_Traning\closer-speacer-detiction\.venv\Lib\site-packages\websockets\asyncio\server.py", line 376, in conn_handler
    await self.handler(connection)
          ~~~~~~~~~~~~^^^^^^^^^^^^
TypeError: WebSocketServer.handle_client() missing 1 required positional argument: 'path'
2025-08-19 20:40:04,466 - websockets.server - INFO - connection open
2025-08-19 20:40:04,468 - websockets.server - ERROR - connection handler failed
Traceback (most recent call last):
  File "C:\Users\LOQ\OneDrive\Pictures\Desktop\Cyber_Traning\closer-speacer-detiction\.venv\Lib\site-packages\websockets\asyncio\server.py", line 376, in conn_handler
    await self.handler(connection)
          ~~~~~~~~~~~~^^^^^^^^^^^^
TypeError: WebSocketServer.handle_client() missing 1 required positional argument: 'path'
2025-08-19 20:40:05,407 - websockets.server - INFO - connection open
2025-08-19 20:40:05,408 - websockets.server - ERROR - connection handler failed
Traceback (most recent call last):
  File "C:\Users\LOQ\OneDrive\Pictures\Desktop\Cyber_Traning\closer-speacer-detiction\.venv\Lib\site-packages\websockets\asyncio\server.py", line 376, in conn_handler
    await self.handler(connection)
          ~~~~~~~~~~~~^^^^^^^^^^^^
TypeError: WebSocketServer.handle_client() missing 1 required positional argument: 'path'
2025-08-19 20:40:06,409 - websockets.server - INFO - connection open
2025-08-19 20:40:06,410 - websockets.server - ERROR - connection handler failed
Traceback (most recent call last):
  File "C:\Users\LOQ\OneDrive\Pictures\Desktop\Cyber_Traning\closer-speacer-detiction\.venv\Lib\site-packages\websockets\asyncio\server.py", line 376, in conn_handler
    await self.handler(connection)
          ~~~~~~~~~~~~^^^^^^^^^^^^
TypeError: WebSocketServer.handle_client() missing 1 required positional argument: 'path'
2025-08-19 20:40:07,129 - websockets.server - INFO - connection open
2025-08-19 20:40:07,130 - websockets.server - ERROR - connection handler failed
Traceback (most recent call last):
  File "C:\Users\LOQ\OneDrive\Pictures\Desktop\Cyber_Traning\closer-speacer-detiction\.venv\Lib\site-packages\websockets\asyncio\server.py", line 376, in conn_handler
    await self.handler(connection)
          ~~~~~~~~~~~~^^^^^^^^^^^^
TypeError: WebSocketServer.handle_client() missing 1 required positional argument: 'path'
2025-08-19 20:40:07,143 - websockets.server - INFO - connection open
2025-08-19 20:40:07,143 - websockets.server - ERROR - connection handler failed
Traceback (most recent call last):
  File "C:\Users\LOQ\OneDrive\Pictures\Desktop\Cyber_Traning\closer-speacer-detiction\.venv\Lib\site-packages\websockets\asyncio\server.py", line 376, in conn_handler
    await self.handler(connection)
          ~~~~~~~~~~~~^^^^^^^^^^^^
TypeError: WebSocketServer.handle_client() missing 1 required positional argument: 'path'
2025-08-19 20:40:07,157 - websockets.server - INFO - connection open
2025-08-19 20:40:07,158 - websockets.server - ERROR - connection handler failed
Traceback (most recent call last):
  File "C:\Users\LOQ\OneDrive\Pictures\Desktop\Cyber_Traning\closer-speacer-detiction\.venv\Lib\site-packages\websockets\asyncio\server.py", line 376, in conn_handler
    await self.handler(connection)
          ~~~~~~~~~~~~^^^^^^^^^^^^
TypeError: WebSocketServer.handle_client() missing 1 required positional argument: 'path'
2025-08-19 20:40:07,171 - websockets.server - INFO - connection open
2025-08-19 20:40:07,172 - websockets.server - ERROR - connection handler failed
Traceback (most recent call last):
  File "C:\Users\LOQ\OneDrive\Pictures\Desktop\Cyber_Traning\closer-speacer-detiction\.venv\Lib\site-packages\websockets\asyncio\server.py", line 376, in conn_handler
    await self.handler(connection)
          ~~~~~~~~~~~~^^^^^^^^^^^^
TypeError: WebSocketServer.handle_client() missing 1 required positional argument: 'path'
2025-08-19 20:40:07,421 - websockets.server - INFO - connection open
2025-08-19 20:40:07,422 - websockets.server - ERROR - connection handler failed
Traceback (most recent call last):
  File "C:\Users\LOQ\OneDrive\Pictures\Desktop\Cyber_Traning\closer-speacer-detiction\.venv\Lib\site-packages\websockets\asyncio\server.py", line 376, in conn_handler
    await self.handler(connection)
          ~~~~~~~~~~~~^^^^^^^^^^^^
TypeError: WebSocketServer.handle_client() missing 1 required positional argument: 'path'
2025-08-19 20:40:08,430 - websockets.server - INFO - connection open
2025-08-19 20:40:08,431 - websockets.server - ERROR - connection handler failed
Traceback (most recent call last):
  File "C:\Users\LOQ\OneDrive\Pictures\Desktop\Cyber_Traning\closer-speacer-detiction\.venv\Lib\site-packages\websockets\asyncio\server.py", line 376, in conn_handler
    await self.handler(connection)
          ~~~~~~~~~~~~^^^^^^^^^^^^
TypeError: WebSocketServer.handle_client() missing 1 required positional argument: 'path'
2025-08-19 20:40:09,138 - websockets.server - INFO - connection open
2025-08-19 20:40:09,139 - websockets.server - ERROR - connection handler failed
Traceback (most recent call last):
  File "C:\Users\LOQ\OneDrive\Pictures\Desktop\Cyber_Traning\closer-speacer-detiction\.venv\Lib\site-packages\websockets\asyncio\server.py", line 376, in conn_handler
    await self.handler(connection)
          ~~~~~~~~~~~~^^^^^^^^^^^^
TypeError: WebSocketServer.handle_client() missing 1 required positional argument: 'path'
2025-08-19 20:40:09,154 - websockets.server - INFO - connection open
2025-08-19 20:40:09,155 - websockets.server - ERROR - connection handler failed
Traceback (most recent call last):
  File "C:\Users\LOQ\OneDrive\Pictures\Desktop\Cyber_Traning\closer-speacer-detiction\.venv\Lib\site-packages\websockets\asyncio\server.py", line 376, in conn_handler
    await self.handler(connection)
          ~~~~~~~~~~~~^^^^^^^^^^^^
TypeError: WebSocketServer.handle_client() missing 1 required positional argument: 'path'
2025-08-19 20:40:09,166 - websockets.server - INFO - connection open
2025-08-19 20:40:09,167 - websockets.server - ERROR - connection handler failed
Traceback (most recent call last):
  File "C:\Users\LOQ\OneDrive\Pictures\Desktop\Cyber_Traning\closer-speacer-detiction\.venv\Lib\site-packages\websockets\asyncio\server.py", line 376, in conn_handler
    await self.handler(connection)
          ~~~~~~~~~~~~^^^^^^^^^^^^
TypeError: WebSocketServer.handle_client() missing 1 required positional argument: 'path'
2025-08-19 20:40:09,181 - websockets.server - INFO - connection open
2025-08-19 20:40:09,182 - websockets.server - ERROR - connection handler failed
Traceback (most recent call last):
  File "C:\Users\LOQ\OneDrive\Pictures\Desktop\Cyber_Traning\closer-speacer-detiction\.venv\Lib\site-packages\websockets\asyncio\server.py", line 376, in conn_handler
    await self.handler(connection)
          ~~~~~~~~~~~~^^^^^^^^^^^^
TypeError: WebSocketServer.handle_client() missing 1 required positional argument: 'path'
2025-08-19 20:40:10,259 - websockets.server - INFO - connection open
2025-08-19 20:40:10,260 - websockets.server - ERROR - connection handler failed
Traceback (most recent call last):
  File "C:\Users\LOQ\OneDrive\Pictures\Desktop\Cyber_Traning\closer-speacer-detiction\.venv\Lib\site-packages\websockets\asyncio\server.py", line 376, in conn_handler
    await self.handler(connection)
          ~~~~~~~~~~~~^^^^^^^^^^^^
TypeError: WebSocketServer.handle_client() missing 1 required positional argument: 'path'
2025-08-19 20:40:11,610 - websockets.server - INFO - connection open
2025-08-19 20:40:11,611 - websockets.server - ERROR - connection handler failed
Traceback (most recent call last):
  File "C:\Users\LOQ\OneDrive\Pictures\Desktop\Cyber_Traning\closer-speacer-detiction\.venv\Lib\site-packages\websockets\asyncio\server.py", line 376, in conn_handler
    await self.handler(connection)
          ~~~~~~~~~~~~^^^^^^^^^^^^
TypeError: WebSocketServer.handle_client() missing 1 required positional argument: 'path'
2025-08-19 20:40:12,901 - websockets.server - INFO - connection open
2025-08-19 20:40:12,902 - websockets.server - ERROR - connection handler failed
Traceback (most recent call last):
  File "C:\Users\LOQ\OneDrive\Pictures\Desktop\Cyber_Traning\closer-speacer-detiction\.venv\Lib\site-packages\websockets\asyncio\server.py", line 376, in conn_handler
    await self.handler(connection)
          ~~~~~~~~~~~~^^^^^^^^^^^^
TypeError: WebSocketServer.handle_client() missing 1 required positional argument: 'path'
2025-08-19 20:40:13,625 - websockets.server - INFO - connection open
2025-08-19 20:40:13,625 - websockets.server - ERROR - connection handler failed
Traceback (most recent call last):
  File "C:\Users\LOQ\OneDrive\Pictures\Desktop\Cyber_Traning\closer-speacer-detiction\.venv\Lib\site-packages\websockets\asyncio\server.py", line 376, in conn_handler
    await self.handler(connection)
          ~~~~~~~~~~~~^^^^^^^^^^^^
TypeError: WebSocketServer.handle_client() missing 1 required positional argument: 'path'
2025-08-19 20:40:13,749 - websockets.server - INFO - connection open
2025-08-19 20:40:13,750 - websockets.server - ERROR - connection handler failed
Traceback (most recent call last):
  File "C:\Users\LOQ\OneDrive\Pictures\Desktop\Cyber_Traning\closer-speacer-detiction\.venv\Lib\site-packages\websockets\asyncio\server.py", line 376, in conn_handler
    await self.handler(connection)
          ~~~~~~~~~~~~^^^^^^^^^^^^
TypeError: WebSocketServer.handle_client() missing 1 required positional argument: 'path'
2025-08-19 20:40:15,404 - websockets.server - INFO - connection open
2025-08-19 20:40:15,405 - websockets.server - ERROR - connection handler failed
Traceback (most recent call last):
  File "C:\Users\LOQ\OneDrive\Pictures\Desktop\Cyber_Traning\closer-speacer-detiction\.venv\Lib\site-packages\websockets\asyncio\server.py", line 376, in conn_handler
    await self.handler(connection)
          ~~~~~~~~~~~~^^^^^^^^^^^^
TypeError: WebSocketServer.handle_client() missing 1 required positional argument: 'path'
2025-08-19 20:40:16,406 - websockets.server - INFO - connection open
2025-08-19 20:40:16,407 - websockets.server - ERROR - connection handler failed
Traceback (most recent call last):
  File "C:\Users\LOQ\OneDrive\Pictures\Desktop\Cyber_Traning\closer-speacer-detiction\.venv\Lib\site-packages\websockets\asyncio\server.py", line 376, in conn_handler
    await self.handler(connection)
          ~~~~~~~~~~~~^^^^^^^^^^^^
TypeError: WebSocketServer.handle_client() missing 1 required positional argument: 'path'
2025-08-19 20:40:16,427 - websockets.server - INFO - connection open
2025-08-19 20:40:16,428 - websockets.server - ERROR - connection handler failed
Traceback (most recent call last):
  File "C:\Users\LOQ\OneDrive\Pictures\Desktop\Cyber_Traning\closer-speacer-detiction\.venv\Lib\site-packages\websockets\asyncio\server.py", line 376, in conn_handler
    await self.handler(connection)
          ~~~~~~~~~~~~^^^^^^^^^^^^
TypeError: WebSocketServer.handle_client() missing 1 required positional argument: 'path'
2025-08-19 20:40:18,407 - websockets.server - INFO - connection open
2025-08-19 20:40:18,408 - websockets.server - ERROR - connection handler failed
Traceback (most recent call last):
  File "C:\Users\LOQ\OneDrive\Pictures\Desktop\Cyber_Traning\closer-speacer-detiction\.venv\Lib\site-packages\websockets\asyncio\server.py", line 376, in conn_handler
    await self.handler(connection)
          ~~~~~~~~~~~~^^^^^^^^^^^^
TypeError: WebSocketServer.handle_client() missing 1 required positional argument: 'path'
2025-08-19 20:40:19,408 - websockets.server - INFO - connection open
2025-08-19 20:40:19,409 - websockets.server - ERROR - connection handler failed
Traceback (most recent call last):
  File "C:\Users\LOQ\OneDrive\Pictures\Desktop\Cyber_Traning\closer-speacer-detiction\.venv\Lib\site-packages\websockets\asyncio\server.py", line 376, in conn_handler
    await self.handler(connection)
          ~~~~~~~~~~~~^^^^^^^^^^^^
TypeError: WebSocketServer.handle_client() missing 1 required positional argument: 'path'
2025-08-19 20:40:19,426 - websockets.server - INFO - connection open
2025-08-19 20:40:19,427 - websockets.server - ERROR - connection handler failed
Traceback (most recent call last):
  File "C:\Users\LOQ\OneDrive\Pictures\Desktop\Cyber_Traning\closer-speacer-detiction\.venv\Lib\site-packages\websockets\asyncio\server.py", line 376, in conn_handler
    await self.handler(connection)
          ~~~~~~~~~~~~^^^^^^^^^^^^
TypeError: WebSocketServer.handle_client() missing 1 required positional argument: 'path'
2025-08-19 20:40:21,415 - websockets.server - INFO - connection open
2025-08-19 20:40:21,415 - websockets.server - ERROR - connection handler failed
Traceback (most recent call last):
  File "C:\Users\LOQ\OneDrive\Pictures\Desktop\Cyber_Traning\closer-speacer-detiction\.venv\Lib\site-packages\websockets\asyncio\server.py", line 376, in conn_handler
    await self.handler(connection)
          ~~~~~~~~~~~~^^^^^^^^^^^^
TypeError: WebSocketServer.handle_client() missing 1 required positional argument: 'path'
2025-08-19 20:40:22,408 - websockets.server - INFO - connection open
2025-08-19 20:40:22,408 - websockets.server - ERROR - connection handler failed
Traceback (most recent call last):
  File "C:\Users\LOQ\OneDrive\Pictures\Desktop\Cyber_Traning\closer-speacer-detiction\.venv\Lib\site-packages\websockets\asyncio\server.py", line 376, in conn_handler
    await self.handler(connection)
          ~~~~~~~~~~~~^^^^^^^^^^^^
TypeError: WebSocketServer.handle_client() missing 1 required positional argument: 'path'
2025-08-19 20:40:22,428 - websockets.server - INFO - connection open
2025-08-19 20:40:22,429 - websockets.server - ERROR - connection handler failed
Traceback (most recent call last):
  File "C:\Users\LOQ\OneDrive\Pictures\Desktop\Cyber_Traning\closer-speacer-detiction\.venv\Lib\site-packages\websockets\asyncio\server.py", line 376, in conn_handler
    await self.handler(connection)
          ~~~~~~~~~~~~^^^^^^^^^^^^
TypeError: WebSocketServer.handle_client() missing 1 required positional argument: 'path'
2025-08-19 20:40:23,477 - websockets.server - INFO - connection open
2025-08-19 20:40:23,478 - websockets.server - ERROR - connection handler failed
Traceback (most recent call last):
  File "C:\Users\LOQ\OneDrive\Pictures\Desktop\Cyber_Traning\closer-speacer-detiction\.venv\Lib\site-packages\websockets\asyncio\server.py", line 376, in conn_handler
    await self.handler(connection)
          ~~~~~~~~~~~~^^^^^^^^^^^^
TypeError: WebSocketServer.handle_client() missing 1 required positional argument: 'path'
2025-08-19 20:40:24,421 - websockets.server - INFO - connection open
2025-08-19 20:40:24,421 - websockets.server - ERROR - connection handler failed
Traceback (most recent call last):
  File "C:\Users\LOQ\OneDrive\Pictures\Desktop\Cyber_Traning\closer-speacer-detiction\.venv\Lib\site-packages\websockets\asyncio\server.py", line 376, in conn_handler
    await self.handler(connection)
          ~~~~~~~~~~~~^^^^^^^^^^^^
TypeError: WebSocketServer.handle_client() missing 1 required positional argument: 'path'
2025-08-19 20:40:24,441 - websockets.server - INFO - connection open
2025-08-19 20:40:24,442 - websockets.server - ERROR - connection handler failed
Traceback (most recent call last):
  File "C:\Users\LOQ\OneDrive\Pictures\Desktop\Cyber_Traning\closer-speacer-detiction\.venv\Lib\site-packages\websockets\asyncio\server.py", line 376, in conn_handler
    await self.handler(connection)
          ~~~~~~~~~~~~^^^^^^^^^^^^
TypeError: WebSocketServer.handle_client() missing 1 required positional argument: 'path'
2025-08-19 20:40:25,503 - websockets.server - INFO - connection open
2025-08-19 20:40:25,504 - websockets.server - ERROR - connection handler failed
Traceback (most recent call last):
  File "C:\Users\LOQ\OneDrive\Pictures\Desktop\Cyber_Traning\closer-speacer-detiction\.venv\Lib\site-packages\websockets\asyncio\server.py", line 376, in conn_handler
    await self.handler(connection)
          ~~~~~~~~~~~~^^^^^^^^^^^^
TypeError: WebSocketServer.handle_client() missing 1 required positional argument: 'path'
2025-08-19 20:40:25,641 - websockets.server - INFO - connection open
2025-08-19 20:40:25,643 - websockets.server - ERROR - connection handler failed
Traceback (most recent call last):
  File "C:\Users\LOQ\OneDrive\Pictures\Desktop\Cyber_Traning\closer-speacer-detiction\.venv\Lib\site-packages\websockets\asyncio\server.py", line 376, in conn_handler
    await self.handler(connection)
          ~~~~~~~~~~~~^^^^^^^^^^^^
TypeError: WebSocketServer.handle_client() missing 1 required positional argument: 'path'
2025-08-19 20:40:26,362 - websockets.server - INFO - connection open
2025-08-19 20:40:26,363 - websockets.server - ERROR - connection handler failed
Traceback (most recent call last):
  File "C:\Users\LOQ\OneDrive\Pictures\Desktop\Cyber_Traning\closer-speacer-detiction\.venv\Lib\site-packages\websockets\asyncio\server.py", line 376, in conn_handler
    await self.handler(connection)
          ~~~~~~~~~~~~^^^^^^^^^^^^
TypeError: WebSocketServer.handle_client() missing 1 required positional argument: 'path'
2025-08-19 20:40:26,446 - websockets.server - INFO - connection open
2025-08-19 20:40:26,447 - websockets.server - ERROR - connection handler failed
Traceback (most recent call last):
  File "C:\Users\LOQ\OneDrive\Pictures\Desktop\Cyber_Traning\closer-speacer-detiction\.venv\Lib\site-packages\websockets\asyncio\server.py", line 376, in conn_handler
    await self.handler(connection)
          ~~~~~~~~~~~~^^^^^^^^^^^^
TypeError: WebSocketServer.handle_client() missing 1 required positional argument: 'path'
2025-08-19 20:40:27,522 - websockets.server - INFO - connection open
2025-08-19 20:40:27,523 - websockets.server - ERROR - connection handler failed
Traceback (most recent call last):
  File "C:\Users\LOQ\OneDrive\Pictures\Desktop\Cyber_Traning\closer-speacer-detiction\.venv\Lib\site-packages\websockets\asyncio\server.py", line 376, in conn_handler
    await self.handler(connection)
          ~~~~~~~~~~~~^^^^^^^^^^^^
TypeError: WebSocketServer.handle_client() missing 1 required positional argument: 'path'
2025-08-19 20:40:27,663 - websockets.server - INFO - connection open
2025-08-19 20:40:27,664 - websockets.server - ERROR - connection handler failed
Traceback (most recent call last):
  File "C:\Users\LOQ\OneDrive\Pictures\Desktop\Cyber_Traning\closer-speacer-detiction\.venv\Lib\site-packages\websockets\asyncio\server.py", line 376, in conn_handler
    await self.handler(connection)
          ~~~~~~~~~~~~^^^^^^^^^^^^
TypeError: WebSocketServer.handle_client() missing 1 required positional argument: 'path'
2025-08-19 20:40:28,380 - websockets.server - INFO - connection open
2025-08-19 20:40:28,381 - websockets.server - ERROR - connection handler failed
Traceback (most recent call last):
  File "C:\Users\LOQ\OneDrive\Pictures\Desktop\Cyber_Traning\closer-speacer-detiction\.venv\Lib\site-packages\websockets\asyncio\server.py", line 376, in conn_handler
    await self.handler(connection)
          ~~~~~~~~~~~~^^^^^^^^^^^^
TypeError: WebSocketServer.handle_client() missing 1 required positional argument: 'path'
2025-08-19 20:40:28,460 - websockets.server - INFO - connection open
2025-08-19 20:40:28,460 - websockets.server - ERROR - connection handler failed
Traceback (most recent call last):
  File "C:\Users\LOQ\OneDrive\Pictures\Desktop\Cyber_Traning\closer-speacer-detiction\.venv\Lib\site-packages\websockets\asyncio\server.py", line 376, in conn_handler
    await self.handler(connection)
          ~~~~~~~~~~~~^^^^^^^^^^^^
TypeError: WebSocketServer.handle_client() missing 1 required positional argument: 'path'
2025-08-19 20:40:29,535 - websockets.server - INFO - connection open
2025-08-19 20:40:29,536 - websockets.server - ERROR - connection handler failed
Traceback (most recent call last):
  File "C:\Users\LOQ\OneDrive\Pictures\Desktop\Cyber_Traning\closer-speacer-detiction\.venv\Lib\site-packages\websockets\asyncio\server.py", line 376, in conn_handler
    await self.handler(connection)
          ~~~~~~~~~~~~^^^^^^^^^^^^
TypeError: WebSocketServer.handle_client() missing 1 required positional argument: 'path'
2025-08-19 20:40:30,406 - websockets.server - INFO - connection open
2025-08-19 20:40:30,407 - websockets.server - ERROR - connection handler failed
Traceback (most recent call last):
  File "C:\Users\LOQ\OneDrive\Pictures\Desktop\Cyber_Traning\closer-speacer-detiction\.venv\Lib\site-packages\websockets\asyncio\server.py", line 376, in conn_handler
    await self.handler(connection)
          ~~~~~~~~~~~~^^^^^^^^^^^^
TypeError: WebSocketServer.handle_client() missing 1 required positional argument: 'path'
2025-08-19 20:40:30,421 - websockets.server - INFO - connection open
2025-08-19 20:40:30,422 - websockets.server - ERROR - connection handler failed
Traceback (most recent call last):
  File "C:\Users\LOQ\OneDrive\Pictures\Desktop\Cyber_Traning\closer-speacer-detiction\.venv\Lib\site-packages\websockets\asyncio\server.py", line 376, in conn_handler
    await self.handler(connection)
          ~~~~~~~~~~~~^^^^^^^^^^^^
TypeError: WebSocketServer.handle_client() missing 1 required positional argument: 'path'
2025-08-19 20:40:31,405 - websockets.server - INFO - connection open
2025-08-19 20:40:31,406 - websockets.server - ERROR - connection handler failed
Traceback (most recent call last):
  File "C:\Users\LOQ\OneDrive\Pictures\Desktop\Cyber_Traning\closer-speacer-detiction\.venv\Lib\site-packages\websockets\asyncio\server.py", line 376, in conn_handler
    await self.handler(connection)
          ~~~~~~~~~~~~^^^^^^^^^^^^
TypeError: WebSocketServer.handle_client() missing 1 required positional argument: 'path'
2025-08-19 20:40:32,411 - websockets.server - INFO - connection open
2025-08-19 20:40:32,411 - websockets.server - ERROR - connection handler failed
Traceback (most recent call last):
  File "C:\Users\LOQ\OneDrive\Pictures\Desktop\Cyber_Traning\closer-speacer-detiction\.venv\Lib\site-packages\websockets\asyncio\server.py", line 376, in conn_handler
    await self.handler(connection)
          ~~~~~~~~~~~~^^^^^^^^^^^^
TypeError: WebSocketServer.handle_client() missing 1 required positional argument: 'path'
2025-08-19 20:40:33,414 - websockets.server - INFO - connection open
2025-08-19 20:40:33,415 - websockets.server - ERROR - connection handler failed
Traceback (most recent call last):
  File "C:\Users\LOQ\OneDrive\Pictures\Desktop\Cyber_Traning\closer-speacer-detiction\.venv\Lib\site-packages\websockets\asyncio\server.py", line 376, in conn_handler
    await self.handler(connection)
          ~~~~~~~~~~~~^^^^^^^^^^^^
TypeError: WebSocketServer.handle_client() missing 1 required positional argument: 'path'
2025-08-19 20:40:33,427 - websockets.server - INFO - connection open
2025-08-19 20:40:33,428 - websockets.server - ERROR - connection handler failed
Traceback (most recent call last):
  File "C:\Users\LOQ\OneDrive\Pictures\Desktop\Cyber_Traning\closer-speacer-detiction\.venv\Lib\site-packages\websockets\asyncio\server.py", line 376, in conn_handler
    await self.handler(connection)
          ~~~~~~~~~~~~^^^^^^^^^^^^
TypeError: WebSocketServer.handle_client() missing 1 required positional argument: 'path'
2025-08-19 20:40:33,454 - websockets.server - INFO - connection open
2025-08-19 20:40:33,455 - websockets.server - ERROR - connection handler failed
Traceback (most recent call last):
  File "C:\Users\LOQ\OneDrive\Pictures\Desktop\Cyber_Traning\closer-speacer-detiction\.venv\Lib\site-packages\websockets\asyncio\server.py", line 376, in conn_handler
    await self.handler(connection)
          ~~~~~~~~~~~~^^^^^^^^^^^^
TypeError: WebSocketServer.handle_client() missing 1 required positional argument: 'path'
2025-08-19 20:40:35,406 - websockets.server - INFO - connection open
2025-08-19 20:40:35,407 - websockets.server - ERROR - connection handler failed
Traceback (most recent call last):
  File "C:\Users\LOQ\OneDrive\Pictures\Desktop\Cyber_Traning\closer-speacer-detiction\.venv\Lib\site-packages\websockets\asyncio\server.py", line 376, in conn_handler
    await self.handler(connection)
          ~~~~~~~~~~~~^^^^^^^^^^^^
TypeError: WebSocketServer.handle_client() missing 1 required positional argument: 'path'
2025-08-19 20:40:36,404 - websockets.server - INFO - connection open
2025-08-19 20:40:36,404 - websockets.server - ERROR - connection handler failed
Traceback (most recent call last):
  File "C:\Users\LOQ\OneDrive\Pictures\Desktop\Cyber_Traning\closer-speacer-detiction\.venv\Lib\site-packages\websockets\asyncio\server.py", line 376, in conn_handler
    await self.handler(connection)
          ~~~~~~~~~~~~^^^^^^^^^^^^
TypeError: WebSocketServer.handle_client() missing 1 required positional argument: 'path'
2025-08-19 20:40:36,417 - websockets.server - INFO - connection open
2025-08-19 20:40:36,418 - websockets.server - ERROR - connection handler failed
Traceback (most recent call last):
  File "C:\Users\LOQ\OneDrive\Pictures\Desktop\Cyber_Traning\closer-speacer-detiction\.venv\Lib\site-packages\websockets\asyncio\server.py", line 376, in conn_handler
    await self.handler(connection)
          ~~~~~~~~~~~~^^^^^^^^^^^^
TypeError: WebSocketServer.handle_client() missing 1 required positional argument: 'path'
2025-08-19 20:40:36,443 - websockets.server - INFO - connection open
2025-08-19 20:40:36,444 - websockets.server - ERROR - connection handler failed
Traceback (most recent call last):
  File "C:\Users\LOQ\OneDrive\Pictures\Desktop\Cyber_Traning\closer-speacer-detiction\.venv\Lib\site-packages\websockets\asyncio\server.py", line 376, in conn_handler
    await self.handler(connection)
          ~~~~~~~~~~~~^^^^^^^^^^^^
TypeError: WebSocketServer.handle_client() missing 1 required positional argument: 'path'
2025-08-19 20:40:38,404 - websockets.server - INFO - connection open
2025-08-19 20:40:38,405 - websockets.server - ERROR - connection handler failed
Traceback (most recent call last):
  File "C:\Users\LOQ\OneDrive\Pictures\Desktop\Cyber_Traning\closer-speacer-detiction\.venv\Lib\site-packages\websockets\asyncio\server.py", line 376, in conn_handler
    await self.handler(connection)
          ~~~~~~~~~~~~^^^^^^^^^^^^
TypeError: WebSocketServer.handle_client() missing 1 required positional argument: 'path'
2025-08-19 20:40:39,413 - websockets.server - INFO - connection open
2025-08-19 20:40:39,414 - websockets.server - ERROR - connection handler failed
Traceback (most recent call last):
  File "C:\Users\LOQ\OneDrive\Pictures\Desktop\Cyber_Traning\closer-speacer-detiction\.venv\Lib\site-packages\websockets\asyncio\server.py", line 376, in conn_handler
    await self.handler(connection)
          ~~~~~~~~~~~~^^^^^^^^^^^^
TypeError: WebSocketServer.handle_client() missing 1 required positional argument: 'path'
2025-08-19 20:40:39,433 - websockets.server - INFO - connection open
2025-08-19 20:40:39,433 - websockets.server - ERROR - connection handler failed
Traceback (most recent call last):
  File "C:\Users\LOQ\OneDrive\Pictures\Desktop\Cyber_Traning\closer-speacer-detiction\.venv\Lib\site-packages\websockets\asyncio\server.py", line 376, in conn_handler
    await self.handler(connection)
          ~~~~~~~~~~~~^^^^^^^^^^^^
TypeError: WebSocketServer.handle_client() missing 1 required positional argument: 'path'
2025-08-19 20:40:39,450 - websockets.server - INFO - connection open
2025-08-19 20:40:39,450 - websockets.server - ERROR - connection handler failed
Traceback (most recent call last):
  File "C:\Users\LOQ\OneDrive\Pictures\Desktop\Cyber_Traning\closer-speacer-detiction\.venv\Lib\site-packages\websockets\asyncio\server.py", line 376, in conn_handler
    await self.handler(connection)
          ~~~~~~~~~~~~^^^^^^^^^^^^
TypeError: WebSocketServer.handle_client() missing 1 required positional argument: 'path'
2025-08-19 20:40:41,415 - websockets.server - INFO - connection open
2025-08-19 20:40:41,416 - websockets.server - ERROR - connection handler failed
Traceback (most recent call last):
  File "C:\Users\LOQ\OneDrive\Pictures\Desktop\Cyber_Traning\closer-speacer-detiction\.venv\Lib\site-packages\websockets\asyncio\server.py", line 376, in conn_handler
    await self.handler(connection)
          ~~~~~~~~~~~~^^^^^^^^^^^^
TypeError: WebSocketServer.handle_client() missing 1 required positional argument: 'path'
2025-08-19 20:40:42,403 - websockets.server - INFO - connection open
2025-08-19 20:40:42,404 - websockets.server - ERROR - connection handler failed
Traceback (most recent call last):
  File "C:\Users\LOQ\OneDrive\Pictures\Desktop\Cyber_Traning\closer-speacer-detiction\.venv\Lib\site-packages\websockets\asyncio\server.py", line 376, in conn_handler
    await self.handler(connection)
          ~~~~~~~~~~~~^^^^^^^^^^^^
TypeError: WebSocketServer.handle_client() missing 1 required positional argument: 'path'
2025-08-19 20:40:42,416 - websockets.server - INFO - connection open
2025-08-19 20:40:42,417 - websockets.server - ERROR - connection handler failed
Traceback (most recent call last):
  File "C:\Users\LOQ\OneDrive\Pictures\Desktop\Cyber_Traning\closer-speacer-detiction\.venv\Lib\site-packages\websockets\asyncio\server.py", line 376, in conn_handler
    await self.handler(connection)
          ~~~~~~~~~~~~^^^^^^^^^^^^
TypeError: WebSocketServer.handle_client() missing 1 required positional argument: 'path'
2025-08-19 20:40:42,429 - websockets.server - INFO - connection open
2025-08-19 20:40:42,429 - websockets.server - ERROR - connection handler failed
Traceback (most recent call last):
  File "C:\Users\LOQ\OneDrive\Pictures\Desktop\Cyber_Traning\closer-speacer-detiction\.venv\Lib\site-packages\websockets\asyncio\server.py", line 376, in conn_handler
    await self.handler(connection)
          ~~~~~~~~~~~~^^^^^^^^^^^^
TypeError: WebSocketServer.handle_client() missing 1 required positional argument: 'path'
2025-08-19 20:40:44,405 - websockets.server - INFO - connection open
2025-08-19 20:40:44,405 - websockets.server - ERROR - connection handler failed
Traceback (most recent call last):
  File "C:\Users\LOQ\OneDrive\Pictures\Desktop\Cyber_Traning\closer-speacer-detiction\.venv\Lib\site-packages\websockets\asyncio\server.py", line 376, in conn_handler
    await self.handler(connection)
          ~~~~~~~~~~~~^^^^^^^^^^^^
TypeError: WebSocketServer.handle_client() missing 1 required positional argument: 'path'
2025-08-19 20:40:45,412 - websockets.server - INFO - connection open
2025-08-19 20:40:45,413 - websockets.server - ERROR - connection handler failed
Traceback (most recent call last):
  File "C:\Users\LOQ\OneDrive\Pictures\Desktop\Cyber_Traning\closer-speacer-detiction\.venv\Lib\site-packages\websockets\asyncio\server.py", line 376, in conn_handler
    await self.handler(connection)
          ~~~~~~~~~~~~^^^^^^^^^^^^
TypeError: WebSocketServer.handle_client() missing 1 required positional argument: 'path'
2025-08-19 20:40:45,433 - websockets.server - INFO - connection open
2025-08-19 20:40:45,434 - websockets.server - ERROR - connection handler failed
Traceback (most recent call last):
  File "C:\Users\LOQ\OneDrive\Pictures\Desktop\Cyber_Traning\closer-speacer-detiction\.venv\Lib\site-packages\websockets\asyncio\server.py", line 376, in conn_handler
    await self.handler(connection)
          ~~~~~~~~~~~~^^^^^^^^^^^^
TypeError: WebSocketServer.handle_client() missing 1 required positional argument: 'path'
2025-08-19 20:40:45,452 - websockets.server - INFO - connection open
2025-08-19 20:40:45,453 - websockets.server - ERROR - connection handler failed
Traceback (most recent call last):
  File "C:\Users\LOQ\OneDrive\Pictures\Desktop\Cyber_Traning\closer-speacer-detiction\.venv\Lib\site-packages\websockets\asyncio\server.py", line 376, in conn_handler
    await self.handler(connection)
          ~~~~~~~~~~~~^^^^^^^^^^^^
TypeError: WebSocketServer.handle_client() missing 1 required positional argument: 'path'
2025-08-19 20:40:46,420 - websockets.server - INFO - connection open
2025-08-19 20:40:46,420 - websockets.server - ERROR - connection handler failed
Traceback (most recent call last):
  File "C:\Users\LOQ\OneDrive\Pictures\Desktop\Cyber_Traning\closer-speacer-detiction\.venv\Lib\site-packages\websockets\asyncio\server.py", line 376, in conn_handler
    await self.handler(connection)
          ~~~~~~~~~~~~^^^^^^^^^^^^
TypeError: WebSocketServer.handle_client() missing 1 required positional argument: 'path'
2025-08-19 20:40:48,404 - websockets.server - INFO - connection open
2025-08-19 20:40:48,405 - websockets.server - ERROR - connection handler failed
Traceback (most recent call last):
  File "C:\Users\LOQ\OneDrive\Pictures\Desktop\Cyber_Traning\closer-speacer-detiction\.venv\Lib\site-packages\websockets\asyncio\server.py", line 376, in conn_handler
    await self.handler(connection)
          ~~~~~~~~~~~~^^^^^^^^^^^^
TypeError: WebSocketServer.handle_client() missing 1 required positional argument: 'path'
2025-08-19 20:40:48,418 - websockets.server - INFO - connection open
2025-08-19 20:40:48,419 - websockets.server - ERROR - connection handler failed
Traceback (most recent call last):
  File "C:\Users\LOQ\OneDrive\Pictures\Desktop\Cyber_Traning\closer-speacer-detiction\.venv\Lib\site-packages\websockets\asyncio\server.py", line 376, in conn_handler
    await self.handler(connection)
          ~~~~~~~~~~~~^^^^^^^^^^^^
TypeError: WebSocketServer.handle_client() missing 1 required positional argument: 'path'
2025-08-19 20:40:48,435 - websockets.server - INFO - connection open
2025-08-19 20:40:48,436 - websockets.server - ERROR - connection handler failed
Traceback (most recent call last):
  File "C:\Users\LOQ\OneDrive\Pictures\Desktop\Cyber_Traning\closer-speacer-detiction\.venv\Lib\site-packages\websockets\asyncio\server.py", line 376, in conn_handler
    await self.handler(connection)
          ~~~~~~~~~~~~^^^^^^^^^^^^
TypeError: WebSocketServer.handle_client() missing 1 required positional argument: 'path'
2025-08-19 20:40:49,101 - websockets.server - INFO - server closing
2025-08-19 20:40:49,102 - websockets.server - INFO - server closed
2025-08-19 20:40:49,104 - __main__ - INFO - Server stopped by user
2025-08-19 20:43:35,778 - __main__ - INFO - WebRTC VAD initialized with aggressiveness level 2
2025-08-19 20:43:35,778 - __main__ - INFO - Speech Recognition initialized
2025-08-19 20:43:35,778 - __main__ - INFO - AudioProcessor initialized (sample_rate=16000Hz)
2025-08-19 20:43:35,779 - __main__ - INFO - SpeakerManager initialized
2025-08-19 20:43:35,779 - __main__ - INFO - WebSocket server initialized on localhost:8765
2025-08-19 20:43:35,819 - websockets.server - INFO - server listening on [::1]:8765
2025-08-19 20:43:35,820 - websockets.server - INFO - server listening on 127.0.0.1:8765
2025-08-19 20:43:47,353 - websockets.server - INFO - connection open
2025-08-19 20:43:47,355 - websockets.server - ERROR - connection handler failed
Traceback (most recent call last):
  File "C:\Users\LOQ\OneDrive\Pictures\Desktop\Cyber_Traning\closer-speacer-detiction\.venv\Lib\site-packages\websockets\asyncio\server.py", line 376, in conn_handler
    await self.handler(connection)
          ~~~~~~~~~~~~^^^^^^^^^^^^
TypeError: WebSocketServer.handle_client() missing 1 required positional argument: 'path'
2025-08-19 20:43:48,440 - websockets.server - INFO - connection open
2025-08-19 20:43:48,441 - websockets.server - ERROR - connection handler failed
Traceback (most recent call last):
  File "C:\Users\LOQ\OneDrive\Pictures\Desktop\Cyber_Traning\closer-speacer-detiction\.venv\Lib\site-packages\websockets\asyncio\server.py", line 376, in conn_handler
    await self.handler(connection)
          ~~~~~~~~~~~~^^^^^^^^^^^^
TypeError: WebSocketServer.handle_client() missing 1 required positional argument: 'path'
2025-08-19 20:43:49,368 - websockets.server - INFO - connection open
2025-08-19 20:43:49,369 - websockets.server - ERROR - connection handler failed
Traceback (most recent call last):
  File "C:\Users\LOQ\OneDrive\Pictures\Desktop\Cyber_Traning\closer-speacer-detiction\.venv\Lib\site-packages\websockets\asyncio\server.py", line 376, in conn_handler
    await self.handler(connection)
          ~~~~~~~~~~~~^^^^^^^^^^^^
TypeError: WebSocketServer.handle_client() missing 1 required positional argument: 'path'
2025-08-19 20:43:50,450 - websockets.server - INFO - connection open
2025-08-19 20:43:50,451 - websockets.server - ERROR - connection handler failed
Traceback (most recent call last):
  File "C:\Users\LOQ\OneDrive\Pictures\Desktop\Cyber_Traning\closer-speacer-detiction\.venv\Lib\site-packages\websockets\asyncio\server.py", line 376, in conn_handler
    await self.handler(connection)
          ~~~~~~~~~~~~^^^^^^^^^^^^
TypeError: WebSocketServer.handle_client() missing 1 required positional argument: 'path'
2025-08-19 20:43:51,154 - websockets.server - INFO - connection open
2025-08-19 20:43:51,155 - websockets.server - ERROR - connection handler failed
Traceback (most recent call last):
  File "C:\Users\LOQ\OneDrive\Pictures\Desktop\Cyber_Traning\closer-speacer-detiction\.venv\Lib\site-packages\websockets\asyncio\server.py", line 376, in conn_handler
    await self.handler(connection)
          ~~~~~~~~~~~~^^^^^^^^^^^^
TypeError: WebSocketServer.handle_client() missing 1 required positional argument: 'path'
2025-08-19 20:43:51,381 - websockets.server - INFO - connection open
2025-08-19 20:43:51,382 - websockets.server - ERROR - connection handler failed
Traceback (most recent call last):
  File "C:\Users\LOQ\OneDrive\Pictures\Desktop\Cyber_Traning\closer-speacer-detiction\.venv\Lib\site-packages\websockets\asyncio\server.py", line 376, in conn_handler
    await self.handler(connection)
          ~~~~~~~~~~~~^^^^^^^^^^^^
TypeError: WebSocketServer.handle_client() missing 1 required positional argument: 'path'
2025-08-19 20:43:52,458 - websockets.server - INFO - connection open
2025-08-19 20:43:52,459 - websockets.server - ERROR - connection handler failed
Traceback (most recent call last):
  File "C:\Users\LOQ\OneDrive\Pictures\Desktop\Cyber_Traning\closer-speacer-detiction\.venv\Lib\site-packages\websockets\asyncio\server.py", line 376, in conn_handler
    await self.handler(connection)
          ~~~~~~~~~~~~^^^^^^^^^^^^
TypeError: WebSocketServer.handle_client() missing 1 required positional argument: 'path'
2025-08-19 20:43:53,172 - websockets.server - INFO - connection open
2025-08-19 20:43:53,174 - websockets.server - ERROR - connection handler failed
Traceback (most recent call last):
  File "C:\Users\LOQ\OneDrive\Pictures\Desktop\Cyber_Traning\closer-speacer-detiction\.venv\Lib\site-packages\websockets\asyncio\server.py", line 376, in conn_handler
    await self.handler(connection)
          ~~~~~~~~~~~~^^^^^^^^^^^^
TypeError: WebSocketServer.handle_client() missing 1 required positional argument: 'path'
2025-08-19 20:43:53,395 - websockets.server - INFO - connection open
2025-08-19 20:43:53,396 - websockets.server - ERROR - connection handler failed
Traceback (most recent call last):
  File "C:\Users\LOQ\OneDrive\Pictures\Desktop\Cyber_Traning\closer-speacer-detiction\.venv\Lib\site-packages\websockets\asyncio\server.py", line 376, in conn_handler
    await self.handler(connection)
          ~~~~~~~~~~~~^^^^^^^^^^^^
TypeError: WebSocketServer.handle_client() missing 1 required positional argument: 'path'
2025-08-19 20:43:54,471 - websockets.server - INFO - connection open
2025-08-19 20:43:54,472 - websockets.server - ERROR - connection handler failed
Traceback (most recent call last):
  File "C:\Users\LOQ\OneDrive\Pictures\Desktop\Cyber_Traning\closer-speacer-detiction\.venv\Lib\site-packages\websockets\asyncio\server.py", line 376, in conn_handler
    await self.handler(connection)
          ~~~~~~~~~~~~^^^^^^^^^^^^
TypeError: WebSocketServer.handle_client() missing 1 required positional argument: 'path'
2025-08-19 20:43:55,188 - websockets.server - INFO - connection open
2025-08-19 20:43:55,189 - websockets.server - ERROR - connection handler failed
Traceback (most recent call last):
  File "C:\Users\LOQ\OneDrive\Pictures\Desktop\Cyber_Traning\closer-speacer-detiction\.venv\Lib\site-packages\websockets\asyncio\server.py", line 376, in conn_handler
    await self.handler(connection)
          ~~~~~~~~~~~~^^^^^^^^^^^^
TypeError: WebSocketServer.handle_client() missing 1 required positional argument: 'path'
2025-08-19 20:43:55,410 - websockets.server - INFO - connection open
2025-08-19 20:43:55,411 - websockets.server - ERROR - connection handler failed
Traceback (most recent call last):
  File "C:\Users\LOQ\OneDrive\Pictures\Desktop\Cyber_Traning\closer-speacer-detiction\.venv\Lib\site-packages\websockets\asyncio\server.py", line 376, in conn_handler
    await self.handler(connection)
          ~~~~~~~~~~~~^^^^^^^^^^^^
TypeError: WebSocketServer.handle_client() missing 1 required positional argument: 'path'
2025-08-19 20:43:56,485 - websockets.server - INFO - connection open
2025-08-19 20:43:56,486 - websockets.server - ERROR - connection handler failed
Traceback (most recent call last):
  File "C:\Users\LOQ\OneDrive\Pictures\Desktop\Cyber_Traning\closer-speacer-detiction\.venv\Lib\site-packages\websockets\asyncio\server.py", line 376, in conn_handler
    await self.handler(connection)
          ~~~~~~~~~~~~^^^^^^^^^^^^
TypeError: WebSocketServer.handle_client() missing 1 required positional argument: 'path'
2025-08-19 20:43:57,200 - websockets.server - INFO - connection open
2025-08-19 20:43:57,201 - websockets.server - ERROR - connection handler failed
Traceback (most recent call last):
  File "C:\Users\LOQ\OneDrive\Pictures\Desktop\Cyber_Traning\closer-speacer-detiction\.venv\Lib\site-packages\websockets\asyncio\server.py", line 376, in conn_handler
    await self.handler(connection)
          ~~~~~~~~~~~~^^^^^^^^^^^^
TypeError: WebSocketServer.handle_client() missing 1 required positional argument: 'path'
2025-08-19 20:43:57,422 - websockets.server - INFO - connection open
2025-08-19 20:43:57,423 - websockets.server - ERROR - connection handler failed
Traceback (most recent call last):
  File "C:\Users\LOQ\OneDrive\Pictures\Desktop\Cyber_Traning\closer-speacer-detiction\.venv\Lib\site-packages\websockets\asyncio\server.py", line 376, in conn_handler
    await self.handler(connection)
          ~~~~~~~~~~~~^^^^^^^^^^^^
TypeError: WebSocketServer.handle_client() missing 1 required positional argument: 'path'
2025-08-19 20:43:57,699 - websockets.server - INFO - connection open
2025-08-19 20:43:57,700 - websockets.server - ERROR - connection handler failed
Traceback (most recent call last):
  File "C:\Users\LOQ\OneDrive\Pictures\Desktop\Cyber_Traning\closer-speacer-detiction\.venv\Lib\site-packages\websockets\asyncio\server.py", line 376, in conn_handler
    await self.handler(connection)
          ~~~~~~~~~~~~^^^^^^^^^^^^
TypeError: WebSocketServer.handle_client() missing 1 required positional argument: 'path'
2025-08-19 20:43:57,917 - websockets.server - INFO - connection open
2025-08-19 20:43:57,918 - websockets.server - ERROR - connection handler failed
Traceback (most recent call last):
  File "C:\Users\LOQ\OneDrive\Pictures\Desktop\Cyber_Traning\closer-speacer-detiction\.venv\Lib\site-packages\websockets\asyncio\server.py", line 376, in conn_handler
    await self.handler(connection)
          ~~~~~~~~~~~~^^^^^^^^^^^^
TypeError: WebSocketServer.handle_client() missing 1 required positional argument: 'path'
2025-08-19 20:43:58,133 - websockets.server - INFO - connection open
2025-08-19 20:43:58,133 - websockets.server - ERROR - connection handler failed
Traceback (most recent call last):
  File "C:\Users\LOQ\OneDrive\Pictures\Desktop\Cyber_Traning\closer-speacer-detiction\.venv\Lib\site-packages\websockets\asyncio\server.py", line 376, in conn_handler
    await self.handler(connection)
          ~~~~~~~~~~~~^^^^^^^^^^^^
TypeError: WebSocketServer.handle_client() missing 1 required positional argument: 'path'
2025-08-19 20:43:58,500 - websockets.server - INFO - connection open
2025-08-19 20:43:58,501 - websockets.server - ERROR - connection handler failed
Traceback (most recent call last):
  File "C:\Users\LOQ\OneDrive\Pictures\Desktop\Cyber_Traning\closer-speacer-detiction\.venv\Lib\site-packages\websockets\asyncio\server.py", line 376, in conn_handler
    await self.handler(connection)
          ~~~~~~~~~~~~^^^^^^^^^^^^
TypeError: WebSocketServer.handle_client() missing 1 required positional argument: 'path'
2025-08-19 20:43:59,222 - websockets.server - INFO - connection open
2025-08-19 20:43:59,223 - websockets.server - ERROR - connection handler failed
Traceback (most recent call last):
  File "C:\Users\LOQ\OneDrive\Pictures\Desktop\Cyber_Traning\closer-speacer-detiction\.venv\Lib\site-packages\websockets\asyncio\server.py", line 376, in conn_handler
    await self.handler(connection)
          ~~~~~~~~~~~~^^^^^^^^^^^^
TypeError: WebSocketServer.handle_client() missing 1 required positional argument: 'path'
2025-08-19 20:43:59,438 - websockets.server - INFO - connection open
2025-08-19 20:43:59,439 - websockets.server - ERROR - connection handler failed
Traceback (most recent call last):
  File "C:\Users\LOQ\OneDrive\Pictures\Desktop\Cyber_Traning\closer-speacer-detiction\.venv\Lib\site-packages\websockets\asyncio\server.py", line 376, in conn_handler
    await self.handler(connection)
          ~~~~~~~~~~~~^^^^^^^^^^^^
TypeError: WebSocketServer.handle_client() missing 1 required positional argument: 'path'
2025-08-19 20:44:00,404 - websockets.server - INFO - connection open
2025-08-19 20:44:00,406 - websockets.server - ERROR - connection handler failed
Traceback (most recent call last):
  File "C:\Users\LOQ\OneDrive\Pictures\Desktop\Cyber_Traning\closer-speacer-detiction\.venv\Lib\site-packages\websockets\asyncio\server.py", line 376, in conn_handler
    await self.handler(connection)
          ~~~~~~~~~~~~^^^^^^^^^^^^
TypeError: WebSocketServer.handle_client() missing 1 required positional argument: 'path'
2025-08-19 20:44:00,427 - websockets.server - INFO - connection open
2025-08-19 20:44:00,428 - websockets.server - ERROR - connection handler failed
Traceback (most recent call last):
  File "C:\Users\LOQ\OneDrive\Pictures\Desktop\Cyber_Traning\closer-speacer-detiction\.venv\Lib\site-packages\websockets\asyncio\server.py", line 376, in conn_handler
    await self.handler(connection)
          ~~~~~~~~~~~~^^^^^^^^^^^^
TypeError: WebSocketServer.handle_client() missing 1 required positional argument: 'path'
2025-08-19 20:44:00,442 - websockets.server - INFO - connection open
2025-08-19 20:44:00,443 - websockets.server - ERROR - connection handler failed
Traceback (most recent call last):
  File "C:\Users\LOQ\OneDrive\Pictures\Desktop\Cyber_Traning\closer-speacer-detiction\.venv\Lib\site-packages\websockets\asyncio\server.py", line 376, in conn_handler
    await self.handler(connection)
          ~~~~~~~~~~~~^^^^^^^^^^^^
TypeError: WebSocketServer.handle_client() missing 1 required positional argument: 'path'
2025-08-19 20:44:01,602 - websockets.server - INFO - connection open
2025-08-19 20:44:01,603 - websockets.server - ERROR - connection handler failed
Traceback (most recent call last):
  File "C:\Users\LOQ\OneDrive\Pictures\Desktop\Cyber_Traning\closer-speacer-detiction\.venv\Lib\site-packages\websockets\asyncio\server.py", line 376, in conn_handler
    await self.handler(connection)
          ~~~~~~~~~~~~^^^^^^^^^^^^
TypeError: WebSocketServer.handle_client() missing 1 required positional argument: 'path'
2025-08-19 20:44:01,616 - websockets.server - INFO - connection open
2025-08-19 20:44:01,617 - websockets.server - ERROR - connection handler failed
Traceback (most recent call last):
  File "C:\Users\LOQ\OneDrive\Pictures\Desktop\Cyber_Traning\closer-speacer-detiction\.venv\Lib\site-packages\websockets\asyncio\server.py", line 376, in conn_handler
    await self.handler(connection)
          ~~~~~~~~~~~~^^^^^^^^^^^^
TypeError: WebSocketServer.handle_client() missing 1 required positional argument: 'path'
2025-08-20 13:37:31,962 - websockets.server - INFO - connection open
2025-08-20 13:37:31,963 - websockets.server - ERROR - connection handler failed
Traceback (most recent call last):
  File "C:\Users\LOQ\OneDrive\Pictures\Desktop\Cyber_Traning\closer-speacer-detiction\.venv\Lib\site-packages\websockets\asyncio\server.py", line 376, in conn_handler
    await self.handler(connection)
          ~~~~~~~~~~~~^^^^^^^^^^^^
TypeError: WebSocketServer.handle_client() missing 1 required positional argument: 'path'
2025-08-20 13:37:32,110 - websockets.server - INFO - connection open
2025-08-20 13:37:32,110 - websockets.server - ERROR - connection handler failed
Traceback (most recent call last):
  File "C:\Users\LOQ\OneDrive\Pictures\Desktop\Cyber_Traning\closer-speacer-detiction\.venv\Lib\site-packages\websockets\asyncio\server.py", line 376, in conn_handler
    await self.handler(connection)
          ~~~~~~~~~~~~^^^^^^^^^^^^
TypeError: WebSocketServer.handle_client() missing 1 required positional argument: 'path'
2025-08-20 13:37:32,128 - websockets.server - INFO - connection open
2025-08-20 13:37:32,129 - websockets.server - ERROR - connection handler failed
Traceback (most recent call last):
  File "C:\Users\LOQ\OneDrive\Pictures\Desktop\Cyber_Traning\closer-speacer-detiction\.venv\Lib\site-packages\websockets\asyncio\server.py", line 376, in conn_handler
    await self.handler(connection)
          ~~~~~~~~~~~~^^^^^^^^^^^^
TypeError: WebSocketServer.handle_client() missing 1 required positional argument: 'path'
2025-08-20 13:37:32,157 - websockets.server - INFO - connection open
2025-08-20 13:37:32,158 - websockets.server - ERROR - connection handler failed
Traceback (most recent call last):
  File "C:\Users\LOQ\OneDrive\Pictures\Desktop\Cyber_Traning\closer-speacer-detiction\.venv\Lib\site-packages\websockets\asyncio\server.py", line 376, in conn_handler
    await self.handler(connection)
          ~~~~~~~~~~~~^^^^^^^^^^^^
TypeError: WebSocketServer.handle_client() missing 1 required positional argument: 'path'
2025-08-20 13:37:32,220 - websockets.server - INFO - connection open
2025-08-20 13:37:32,221 - websockets.server - ERROR - connection handler failed
Traceback (most recent call last):
  File "C:\Users\LOQ\OneDrive\Pictures\Desktop\Cyber_Traning\closer-speacer-detiction\.venv\Lib\site-packages\websockets\asyncio\server.py", line 376, in conn_handler
    await self.handler(connection)
          ~~~~~~~~~~~~^^^^^^^^^^^^
TypeError: WebSocketServer.handle_client() missing 1 required positional argument: 'path'
2025-08-20 13:37:32,257 - websockets.server - INFO - connection open
2025-08-20 13:37:32,257 - websockets.server - ERROR - connection handler failed
Traceback (most recent call last):
  File "C:\Users\LOQ\OneDrive\Pictures\Desktop\Cyber_Traning\closer-speacer-detiction\.venv\Lib\site-packages\websockets\asyncio\server.py", line 376, in conn_handler
    await self.handler(connection)
          ~~~~~~~~~~~~^^^^^^^^^^^^
TypeError: WebSocketServer.handle_client() missing 1 required positional argument: 'path'
2025-08-20 13:37:34,725 - websockets.server - INFO - connection open
2025-08-20 13:37:34,726 - websockets.server - ERROR - connection handler failed
Traceback (most recent call last):
  File "C:\Users\LOQ\OneDrive\Pictures\Desktop\Cyber_Traning\closer-speacer-detiction\.venv\Lib\site-packages\websockets\asyncio\server.py", line 376, in conn_handler
    await self.handler(connection)
          ~~~~~~~~~~~~^^^^^^^^^^^^
TypeError: WebSocketServer.handle_client() missing 1 required positional argument: 'path'
2025-08-20 13:37:36,726 - websockets.server - INFO - connection open
2025-08-20 13:37:36,726 - websockets.server - ERROR - connection handler failed
Traceback (most recent call last):
  File "C:\Users\LOQ\OneDrive\Pictures\Desktop\Cyber_Traning\closer-speacer-detiction\.venv\Lib\site-packages\websockets\asyncio\server.py", line 376, in conn_handler
    await self.handler(connection)
          ~~~~~~~~~~~~^^^^^^^^^^^^
TypeError: WebSocketServer.handle_client() missing 1 required positional argument: 'path'
2025-08-20 13:37:37,732 - websockets.server - INFO - connection open
2025-08-20 13:37:37,732 - websockets.server - ERROR - connection handler failed
Traceback (most recent call last):
  File "C:\Users\LOQ\OneDrive\Pictures\Desktop\Cyber_Traning\closer-speacer-detiction\.venv\Lib\site-packages\websockets\asyncio\server.py", line 376, in conn_handler
    await self.handler(connection)
          ~~~~~~~~~~~~^^^^^^^^^^^^
TypeError: WebSocketServer.handle_client() missing 1 required positional argument: 'path'
2025-08-20 13:37:39,735 - websockets.server - INFO - connection open
2025-08-20 13:37:39,735 - websockets.server - ERROR - connection handler failed
Traceback (most recent call last):
  File "C:\Users\LOQ\OneDrive\Pictures\Desktop\Cyber_Traning\closer-speacer-detiction\.venv\Lib\site-packages\websockets\asyncio\server.py", line 376, in conn_handler
    await self.handler(connection)
          ~~~~~~~~~~~~^^^^^^^^^^^^
TypeError: WebSocketServer.handle_client() missing 1 required positional argument: 'path'
2025-08-20 13:37:40,738 - websockets.server - INFO - connection open
2025-08-20 13:37:40,739 - websockets.server - ERROR - connection handler failed
Traceback (most recent call last):
  File "C:\Users\LOQ\OneDrive\Pictures\Desktop\Cyber_Traning\closer-speacer-detiction\.venv\Lib\site-packages\websockets\asyncio\server.py", line 376, in conn_handler
    await self.handler(connection)
          ~~~~~~~~~~~~^^^^^^^^^^^^
TypeError: WebSocketServer.handle_client() missing 1 required positional argument: 'path'
2025-08-20 13:37:40,752 - websockets.server - INFO - connection open
2025-08-20 13:37:40,753 - websockets.server - ERROR - connection handler failed
Traceback (most recent call last):
  File "C:\Users\LOQ\OneDrive\Pictures\Desktop\Cyber_Traning\closer-speacer-detiction\.venv\Lib\site-packages\websockets\asyncio\server.py", line 376, in conn_handler
    await self.handler(connection)
          ~~~~~~~~~~~~^^^^^^^^^^^^
TypeError: WebSocketServer.handle_client() missing 1 required positional argument: 'path'
2025-08-20 13:37:42,724 - websockets.server - INFO - connection open
2025-08-20 13:37:42,724 - websockets.server - ERROR - connection handler failed
Traceback (most recent call last):
  File "C:\Users\LOQ\OneDrive\Pictures\Desktop\Cyber_Traning\closer-speacer-detiction\.venv\Lib\site-packages\websockets\asyncio\server.py", line 376, in conn_handler
    await self.handler(connection)
          ~~~~~~~~~~~~^^^^^^^^^^^^
TypeError: WebSocketServer.handle_client() missing 1 required positional argument: 'path'
2025-08-20 13:37:43,736 - websockets.server - INFO - connection open
2025-08-20 13:37:43,737 - websockets.server - ERROR - connection handler failed
Traceback (most recent call last):
  File "C:\Users\LOQ\OneDrive\Pictures\Desktop\Cyber_Traning\closer-speacer-detiction\.venv\Lib\site-packages\websockets\asyncio\server.py", line 376, in conn_handler
    await self.handler(connection)
          ~~~~~~~~~~~~^^^^^^^^^^^^
TypeError: WebSocketServer.handle_client() missing 1 required positional argument: 'path'
2025-08-20 13:37:43,749 - websockets.server - INFO - connection open
2025-08-20 13:37:43,749 - websockets.server - ERROR - connection handler failed
Traceback (most recent call last):
  File "C:\Users\LOQ\OneDrive\Pictures\Desktop\Cyber_Traning\closer-speacer-detiction\.venv\Lib\site-packages\websockets\asyncio\server.py", line 376, in conn_handler
    await self.handler(connection)
          ~~~~~~~~~~~~^^^^^^^^^^^^
TypeError: WebSocketServer.handle_client() missing 1 required positional argument: 'path'
2025-08-20 13:37:44,733 - websockets.server - INFO - connection open
2025-08-20 13:37:44,733 - websockets.server - ERROR - connection handler failed
Traceback (most recent call last):
  File "C:\Users\LOQ\OneDrive\Pictures\Desktop\Cyber_Traning\closer-speacer-detiction\.venv\Lib\site-packages\websockets\asyncio\server.py", line 376, in conn_handler
    await self.handler(connection)
          ~~~~~~~~~~~~^^^^^^^^^^^^
TypeError: WebSocketServer.handle_client() missing 1 required positional argument: 'path'
2025-08-20 13:37:46,725 - websockets.server - INFO - connection open
2025-08-20 13:37:46,725 - websockets.server - ERROR - connection handler failed
Traceback (most recent call last):
  File "C:\Users\LOQ\OneDrive\Pictures\Desktop\Cyber_Traning\closer-speacer-detiction\.venv\Lib\site-packages\websockets\asyncio\server.py", line 376, in conn_handler
    await self.handler(connection)
          ~~~~~~~~~~~~^^^^^^^^^^^^
TypeError: WebSocketServer.handle_client() missing 1 required positional argument: 'path'
2025-08-20 13:37:46,738 - websockets.server - INFO - connection open
2025-08-20 13:37:46,739 - websockets.server - ERROR - connection handler failed
Traceback (most recent call last):
  File "C:\Users\LOQ\OneDrive\Pictures\Desktop\Cyber_Traning\closer-speacer-detiction\.venv\Lib\site-packages\websockets\asyncio\server.py", line 376, in conn_handler
    await self.handler(connection)
          ~~~~~~~~~~~~^^^^^^^^^^^^
TypeError: WebSocketServer.handle_client() missing 1 required positional argument: 'path'
2025-08-20 13:37:47,736 - websockets.server - INFO - connection open
2025-08-20 13:37:47,737 - websockets.server - ERROR - connection handler failed
Traceback (most recent call last):
  File "C:\Users\LOQ\OneDrive\Pictures\Desktop\Cyber_Traning\closer-speacer-detiction\.venv\Lib\site-packages\websockets\asyncio\server.py", line 376, in conn_handler
    await self.handler(connection)
          ~~~~~~~~~~~~^^^^^^^^^^^^
TypeError: WebSocketServer.handle_client() missing 1 required positional argument: 'path'
2025-08-20 13:37:48,738 - websockets.server - INFO - connection open
2025-08-20 13:37:48,738 - websockets.server - ERROR - connection handler failed
Traceback (most recent call last):
  File "C:\Users\LOQ\OneDrive\Pictures\Desktop\Cyber_Traning\closer-speacer-detiction\.venv\Lib\site-packages\websockets\asyncio\server.py", line 376, in conn_handler
    await self.handler(connection)
          ~~~~~~~~~~~~^^^^^^^^^^^^
TypeError: WebSocketServer.handle_client() missing 1 required positional argument: 'path'
2025-08-20 13:37:48,752 - websockets.server - INFO - connection open
2025-08-20 13:37:48,752 - websockets.server - ERROR - connection handler failed
Traceback (most recent call last):
  File "C:\Users\LOQ\OneDrive\Pictures\Desktop\Cyber_Traning\closer-speacer-detiction\.venv\Lib\site-packages\websockets\asyncio\server.py", line 376, in conn_handler
    await self.handler(connection)
          ~~~~~~~~~~~~^^^^^^^^^^^^
TypeError: WebSocketServer.handle_client() missing 1 required positional argument: 'path'
2025-08-20 13:37:49,735 - websockets.server - INFO - connection open
2025-08-20 13:37:49,736 - websockets.server - ERROR - connection handler failed
Traceback (most recent call last):
  File "C:\Users\LOQ\OneDrive\Pictures\Desktop\Cyber_Traning\closer-speacer-detiction\.venv\Lib\site-packages\websockets\asyncio\server.py", line 376, in conn_handler
    await self.handler(connection)
          ~~~~~~~~~~~~^^^^^^^^^^^^
TypeError: WebSocketServer.handle_client() missing 1 required positional argument: 'path'
2025-08-20 13:37:50,734 - websockets.server - INFO - connection open
2025-08-20 13:37:50,735 - websockets.server - ERROR - connection handler failed
Traceback (most recent call last):
  File "C:\Users\LOQ\OneDrive\Pictures\Desktop\Cyber_Traning\closer-speacer-detiction\.venv\Lib\site-packages\websockets\asyncio\server.py", line 376, in conn_handler
    await self.handler(connection)
          ~~~~~~~~~~~~^^^^^^^^^^^^
TypeError: WebSocketServer.handle_client() missing 1 required positional argument: 'path'
2025-08-20 13:37:51,731 - websockets.server - INFO - connection open
2025-08-20 13:37:51,731 - websockets.server - ERROR - connection handler failed
Traceback (most recent call last):
  File "C:\Users\LOQ\OneDrive\Pictures\Desktop\Cyber_Traning\closer-speacer-detiction\.venv\Lib\site-packages\websockets\asyncio\server.py", line 376, in conn_handler
    await self.handler(connection)
          ~~~~~~~~~~~~^^^^^^^^^^^^
TypeError: WebSocketServer.handle_client() missing 1 required positional argument: 'path'
2025-08-20 13:37:51,745 - websockets.server - INFO - connection open
2025-08-20 13:37:51,745 - websockets.server - ERROR - connection handler failed
Traceback (most recent call last):
  File "C:\Users\LOQ\OneDrive\Pictures\Desktop\Cyber_Traning\closer-speacer-detiction\.venv\Lib\site-packages\websockets\asyncio\server.py", line 376, in conn_handler
    await self.handler(connection)
          ~~~~~~~~~~~~^^^^^^^^^^^^
TypeError: WebSocketServer.handle_client() missing 1 required positional argument: 'path'
2025-08-20 13:37:52,727 - websockets.server - INFO - connection open
2025-08-20 13:37:52,727 - websockets.server - ERROR - connection handler failed
Traceback (most recent call last):
  File "C:\Users\LOQ\OneDrive\Pictures\Desktop\Cyber_Traning\closer-speacer-detiction\.venv\Lib\site-packages\websockets\asyncio\server.py", line 376, in conn_handler
    await self.handler(connection)
          ~~~~~~~~~~~~^^^^^^^^^^^^
TypeError: WebSocketServer.handle_client() missing 1 required positional argument: 'path'
2025-08-20 13:37:53,723 - websockets.server - INFO - connection open
2025-08-20 13:37:53,724 - websockets.server - ERROR - connection handler failed
Traceback (most recent call last):
  File "C:\Users\LOQ\OneDrive\Pictures\Desktop\Cyber_Traning\closer-speacer-detiction\.venv\Lib\site-packages\websockets\asyncio\server.py", line 376, in conn_handler
    await self.handler(connection)
          ~~~~~~~~~~~~^^^^^^^^^^^^
TypeError: WebSocketServer.handle_client() missing 1 required positional argument: 'path'
2025-08-20 13:37:54,724 - websockets.server - INFO - connection open
2025-08-20 13:37:54,724 - websockets.server - ERROR - connection handler failed
Traceback (most recent call last):
  File "C:\Users\LOQ\OneDrive\Pictures\Desktop\Cyber_Traning\closer-speacer-detiction\.venv\Lib\site-packages\websockets\asyncio\server.py", line 376, in conn_handler
    await self.handler(connection)
          ~~~~~~~~~~~~^^^^^^^^^^^^
TypeError: WebSocketServer.handle_client() missing 1 required positional argument: 'path'
2025-08-20 13:37:54,738 - websockets.server - INFO - connection open
2025-08-20 13:37:54,738 - websockets.server - ERROR - connection handler failed
Traceback (most recent call last):
  File "C:\Users\LOQ\OneDrive\Pictures\Desktop\Cyber_Traning\closer-speacer-detiction\.venv\Lib\site-packages\websockets\asyncio\server.py", line 376, in conn_handler
    await self.handler(connection)
          ~~~~~~~~~~~~^^^^^^^^^^^^
TypeError: WebSocketServer.handle_client() missing 1 required positional argument: 'path'
2025-08-20 13:37:55,733 - websockets.server - INFO - connection open
2025-08-20 13:37:55,734 - websockets.server - ERROR - connection handler failed
Traceback (most recent call last):
  File "C:\Users\LOQ\OneDrive\Pictures\Desktop\Cyber_Traning\closer-speacer-detiction\.venv\Lib\site-packages\websockets\asyncio\server.py", line 376, in conn_handler
    await self.handler(connection)
          ~~~~~~~~~~~~^^^^^^^^^^^^
TypeError: WebSocketServer.handle_client() missing 1 required positional argument: 'path'
2025-08-20 13:37:55,747 - websockets.server - INFO - connection open
2025-08-20 13:37:55,747 - websockets.server - ERROR - connection handler failed
Traceback (most recent call last):
  File "C:\Users\LOQ\OneDrive\Pictures\Desktop\Cyber_Traning\closer-speacer-detiction\.venv\Lib\site-packages\websockets\asyncio\server.py", line 376, in conn_handler
    await self.handler(connection)
          ~~~~~~~~~~~~^^^^^^^^^^^^
TypeError: WebSocketServer.handle_client() missing 1 required positional argument: 'path'
2025-08-20 13:37:56,732 - websockets.server - INFO - connection open
2025-08-20 13:37:56,732 - websockets.server - ERROR - connection handler failed
Traceback (most recent call last):
  File "C:\Users\LOQ\OneDrive\Pictures\Desktop\Cyber_Traning\closer-speacer-detiction\.venv\Lib\site-packages\websockets\asyncio\server.py", line 376, in conn_handler
    await self.handler(connection)
          ~~~~~~~~~~~~^^^^^^^^^^^^
TypeError: WebSocketServer.handle_client() missing 1 required positional argument: 'path'
2025-08-20 13:37:57,727 - websockets.server - INFO - connection open
2025-08-20 13:37:57,728 - websockets.server - ERROR - connection handler failed
Traceback (most recent call last):
  File "C:\Users\LOQ\OneDrive\Pictures\Desktop\Cyber_Traning\closer-speacer-detiction\.venv\Lib\site-packages\websockets\asyncio\server.py", line 376, in conn_handler
    await self.handler(connection)
          ~~~~~~~~~~~~^^^^^^^^^^^^
TypeError: WebSocketServer.handle_client() missing 1 required positional argument: 'path'
2025-08-20 13:37:58,739 - websockets.server - INFO - connection open
2025-08-20 13:37:58,739 - websockets.server - ERROR - connection handler failed
Traceback (most recent call last):
  File "C:\Users\LOQ\OneDrive\Pictures\Desktop\Cyber_Traning\closer-speacer-detiction\.venv\Lib\site-packages\websockets\asyncio\server.py", line 376, in conn_handler
    await self.handler(connection)
          ~~~~~~~~~~~~^^^^^^^^^^^^
TypeError: WebSocketServer.handle_client() missing 1 required positional argument: 'path'
2025-08-20 13:37:58,752 - websockets.server - INFO - connection open
2025-08-20 13:37:58,753 - websockets.server - ERROR - connection handler failed
Traceback (most recent call last):
  File "C:\Users\LOQ\OneDrive\Pictures\Desktop\Cyber_Traning\closer-speacer-detiction\.venv\Lib\site-packages\websockets\asyncio\server.py", line 376, in conn_handler
    await self.handler(connection)
          ~~~~~~~~~~~~^^^^^^^^^^^^
TypeError: WebSocketServer.handle_client() missing 1 required positional argument: 'path'
2025-08-20 13:37:58,769 - websockets.server - INFO - connection open
2025-08-20 13:37:58,769 - websockets.server - ERROR - connection handler failed
Traceback (most recent call last):
  File "C:\Users\LOQ\OneDrive\Pictures\Desktop\Cyber_Traning\closer-speacer-detiction\.venv\Lib\site-packages\websockets\asyncio\server.py", line 376, in conn_handler
    await self.handler(connection)
          ~~~~~~~~~~~~^^^^^^^^^^^^
TypeError: WebSocketServer.handle_client() missing 1 required positional argument: 'path'
2025-08-20 13:37:59,744 - websockets.server - INFO - connection open
2025-08-20 13:37:59,744 - websockets.server - ERROR - connection handler failed
Traceback (most recent call last):
  File "C:\Users\LOQ\OneDrive\Pictures\Desktop\Cyber_Traning\closer-speacer-detiction\.venv\Lib\site-packages\websockets\asyncio\server.py", line 376, in conn_handler
    await self.handler(connection)
          ~~~~~~~~~~~~^^^^^^^^^^^^
TypeError: WebSocketServer.handle_client() missing 1 required positional argument: 'path'
2025-08-20 13:38:01,734 - websockets.server - INFO - connection open
2025-08-20 13:38:01,734 - websockets.server - ERROR - connection handler failed
Traceback (most recent call last):
  File "C:\Users\LOQ\OneDrive\Pictures\Desktop\Cyber_Traning\closer-speacer-detiction\.venv\Lib\site-packages\websockets\asyncio\server.py", line 376, in conn_handler
    await self.handler(connection)
          ~~~~~~~~~~~~^^^^^^^^^^^^
TypeError: WebSocketServer.handle_client() missing 1 required positional argument: 'path'
2025-08-20 13:38:01,759 - websockets.server - INFO - connection open
2025-08-20 13:38:01,760 - websockets.server - ERROR - connection handler failed
Traceback (most recent call last):
  File "C:\Users\LOQ\OneDrive\Pictures\Desktop\Cyber_Traning\closer-speacer-detiction\.venv\Lib\site-packages\websockets\asyncio\server.py", line 376, in conn_handler
    await self.handler(connection)
          ~~~~~~~~~~~~^^^^^^^^^^^^
TypeError: WebSocketServer.handle_client() missing 1 required positional argument: 'path'
2025-08-20 13:38:01,775 - websockets.server - INFO - connection open
2025-08-20 13:38:01,776 - websockets.server - ERROR - connection handler failed
Traceback (most recent call last):
  File "C:\Users\LOQ\OneDrive\Pictures\Desktop\Cyber_Traning\closer-speacer-detiction\.venv\Lib\site-packages\websockets\asyncio\server.py", line 376, in conn_handler
    await self.handler(connection)
          ~~~~~~~~~~~~^^^^^^^^^^^^
TypeError: WebSocketServer.handle_client() missing 1 required positional argument: 'path'
2025-08-20 13:38:02,737 - websockets.server - INFO - connection open
2025-08-20 13:38:02,737 - websockets.server - ERROR - connection handler failed
Traceback (most recent call last):
  File "C:\Users\LOQ\OneDrive\Pictures\Desktop\Cyber_Traning\closer-speacer-detiction\.venv\Lib\site-packages\websockets\asyncio\server.py", line 376, in conn_handler
    await self.handler(connection)
          ~~~~~~~~~~~~^^^^^^^^^^^^
TypeError: WebSocketServer.handle_client() missing 1 required positional argument: 'path'
2025-08-20 13:38:02,751 - websockets.server - INFO - connection open
2025-08-20 13:38:02,751 - websockets.server - ERROR - connection handler failed
Traceback (most recent call last):
  File "C:\Users\LOQ\OneDrive\Pictures\Desktop\Cyber_Traning\closer-speacer-detiction\.venv\Lib\site-packages\websockets\asyncio\server.py", line 376, in conn_handler
    await self.handler(connection)
          ~~~~~~~~~~~~^^^^^^^^^^^^
TypeError: WebSocketServer.handle_client() missing 1 required positional argument: 'path'
2025-08-20 13:38:04,728 - websockets.server - INFO - connection open
2025-08-20 13:38:04,729 - websockets.server - ERROR - connection handler failed
Traceback (most recent call last):
  File "C:\Users\LOQ\OneDrive\Pictures\Desktop\Cyber_Traning\closer-speacer-detiction\.venv\Lib\site-packages\websockets\asyncio\server.py", line 376, in conn_handler
    await self.handler(connection)
          ~~~~~~~~~~~~^^^^^^^^^^^^
TypeError: WebSocketServer.handle_client() missing 1 required positional argument: 'path'
2025-08-20 13:38:04,742 - websockets.server - INFO - connection open
2025-08-20 13:38:04,742 - websockets.server - ERROR - connection handler failed
Traceback (most recent call last):
  File "C:\Users\LOQ\OneDrive\Pictures\Desktop\Cyber_Traning\closer-speacer-detiction\.venv\Lib\site-packages\websockets\asyncio\server.py", line 376, in conn_handler
    await self.handler(connection)
          ~~~~~~~~~~~~^^^^^^^^^^^^
TypeError: WebSocketServer.handle_client() missing 1 required positional argument: 'path'
2025-08-20 13:38:04,758 - websockets.server - INFO - connection open
2025-08-20 13:38:04,759 - websockets.server - ERROR - connection handler failed
Traceback (most recent call last):
  File "C:\Users\LOQ\OneDrive\Pictures\Desktop\Cyber_Traning\closer-speacer-detiction\.venv\Lib\site-packages\websockets\asyncio\server.py", line 376, in conn_handler
    await self.handler(connection)
          ~~~~~~~~~~~~^^^^^^^^^^^^
TypeError: WebSocketServer.handle_client() missing 1 required positional argument: 'path'
2025-08-20 13:38:05,727 - websockets.server - INFO - connection open
2025-08-20 13:38:05,727 - websockets.server - ERROR - connection handler failed
Traceback (most recent call last):
  File "C:\Users\LOQ\OneDrive\Pictures\Desktop\Cyber_Traning\closer-speacer-detiction\.venv\Lib\site-packages\websockets\asyncio\server.py", line 376, in conn_handler
    await self.handler(connection)
          ~~~~~~~~~~~~^^^^^^^^^^^^
TypeError: WebSocketServer.handle_client() missing 1 required positional argument: 'path'
2025-08-20 13:38:05,740 - websockets.server - INFO - connection open
2025-08-20 13:38:05,740 - websockets.server - ERROR - connection handler failed
Traceback (most recent call last):
  File "C:\Users\LOQ\OneDrive\Pictures\Desktop\Cyber_Traning\closer-speacer-detiction\.venv\Lib\site-packages\websockets\asyncio\server.py", line 376, in conn_handler
    await self.handler(connection)
          ~~~~~~~~~~~~^^^^^^^^^^^^
TypeError: WebSocketServer.handle_client() missing 1 required positional argument: 'path'
2025-08-20 13:38:07,727 - websockets.server - INFO - connection open
2025-08-20 13:38:07,727 - websockets.server - ERROR - connection handler failed
Traceback (most recent call last):
  File "C:\Users\LOQ\OneDrive\Pictures\Desktop\Cyber_Traning\closer-speacer-detiction\.venv\Lib\site-packages\websockets\asyncio\server.py", line 376, in conn_handler
    await self.handler(connection)
          ~~~~~~~~~~~~^^^^^^^^^^^^
TypeError: WebSocketServer.handle_client() missing 1 required positional argument: 'path'
2025-08-20 13:38:07,740 - websockets.server - INFO - connection open
2025-08-20 13:38:07,740 - websockets.server - ERROR - connection handler failed
Traceback (most recent call last):
  File "C:\Users\LOQ\OneDrive\Pictures\Desktop\Cyber_Traning\closer-speacer-detiction\.venv\Lib\site-packages\websockets\asyncio\server.py", line 376, in conn_handler
    await self.handler(connection)
          ~~~~~~~~~~~~^^^^^^^^^^^^
TypeError: WebSocketServer.handle_client() missing 1 required positional argument: 'path'
2025-08-20 13:38:07,757 - websockets.server - INFO - connection open
2025-08-20 13:38:07,757 - websockets.server - ERROR - connection handler failed
Traceback (most recent call last):
  File "C:\Users\LOQ\OneDrive\Pictures\Desktop\Cyber_Traning\closer-speacer-detiction\.venv\Lib\site-packages\websockets\asyncio\server.py", line 376, in conn_handler
    await self.handler(connection)
          ~~~~~~~~~~~~^^^^^^^^^^^^
TypeError: WebSocketServer.handle_client() missing 1 required positional argument: 'path'
2025-08-20 13:38:08,736 - websockets.server - INFO - connection open
2025-08-20 13:38:08,737 - websockets.server - ERROR - connection handler failed
Traceback (most recent call last):
  File "C:\Users\LOQ\OneDrive\Pictures\Desktop\Cyber_Traning\closer-speacer-detiction\.venv\Lib\site-packages\websockets\asyncio\server.py", line 376, in conn_handler
    await self.handler(connection)
          ~~~~~~~~~~~~^^^^^^^^^^^^
TypeError: WebSocketServer.handle_client() missing 1 required positional argument: 'path'
2025-08-20 13:38:08,763 - websockets.server - INFO - connection open
2025-08-20 13:38:08,763 - websockets.server - ERROR - connection handler failed
Traceback (most recent call last):
  File "C:\Users\LOQ\OneDrive\Pictures\Desktop\Cyber_Traning\closer-speacer-detiction\.venv\Lib\site-packages\websockets\asyncio\server.py", line 376, in conn_handler
    await self.handler(connection)
          ~~~~~~~~~~~~^^^^^^^^^^^^
TypeError: WebSocketServer.handle_client() missing 1 required positional argument: 'path'
2025-08-20 13:38:10,725 - websockets.server - INFO - connection open
2025-08-20 13:38:10,726 - websockets.server - ERROR - connection handler failed
Traceback (most recent call last):
  File "C:\Users\LOQ\OneDrive\Pictures\Desktop\Cyber_Traning\closer-speacer-detiction\.venv\Lib\site-packages\websockets\asyncio\server.py", line 376, in conn_handler
    await self.handler(connection)
          ~~~~~~~~~~~~^^^^^^^^^^^^
TypeError: WebSocketServer.handle_client() missing 1 required positional argument: 'path'
2025-08-20 13:38:10,744 - websockets.server - INFO - connection open
2025-08-20 13:38:10,744 - websockets.server - ERROR - connection handler failed
Traceback (most recent call last):
  File "C:\Users\LOQ\OneDrive\Pictures\Desktop\Cyber_Traning\closer-speacer-detiction\.venv\Lib\site-packages\websockets\asyncio\server.py", line 376, in conn_handler
    await self.handler(connection)
          ~~~~~~~~~~~~^^^^^^^^^^^^
TypeError: WebSocketServer.handle_client() missing 1 required positional argument: 'path'
2025-08-20 13:38:10,767 - websockets.server - INFO - connection open
2025-08-20 13:38:10,767 - websockets.server - ERROR - connection handler failed
Traceback (most recent call last):
  File "C:\Users\LOQ\OneDrive\Pictures\Desktop\Cyber_Traning\closer-speacer-detiction\.venv\Lib\site-packages\websockets\asyncio\server.py", line 376, in conn_handler
    await self.handler(connection)
          ~~~~~~~~~~~~^^^^^^^^^^^^
TypeError: WebSocketServer.handle_client() missing 1 required positional argument: 'path'
2025-08-20 13:38:11,735 - websockets.server - INFO - connection open
2025-08-20 13:38:11,736 - websockets.server - ERROR - connection handler failed
Traceback (most recent call last):
  File "C:\Users\LOQ\OneDrive\Pictures\Desktop\Cyber_Traning\closer-speacer-detiction\.venv\Lib\site-packages\websockets\asyncio\server.py", line 376, in conn_handler
    await self.handler(connection)
          ~~~~~~~~~~~~^^^^^^^^^^^^
TypeError: WebSocketServer.handle_client() missing 1 required positional argument: 'path'
2025-08-20 13:38:11,748 - websockets.server - INFO - connection open
2025-08-20 13:38:11,751 - websockets.server - ERROR - connection handler failed
Traceback (most recent call last):
  File "C:\Users\LOQ\OneDrive\Pictures\Desktop\Cyber_Traning\closer-speacer-detiction\.venv\Lib\site-packages\websockets\asyncio\server.py", line 376, in conn_handler
    await self.handler(connection)
          ~~~~~~~~~~~~^^^^^^^^^^^^
TypeError: WebSocketServer.handle_client() missing 1 required positional argument: 'path'
2025-08-20 13:38:13,726 - websockets.server - INFO - connection open
2025-08-20 13:38:13,727 - websockets.server - ERROR - connection handler failed
Traceback (most recent call last):
  File "C:\Users\LOQ\OneDrive\Pictures\Desktop\Cyber_Traning\closer-speacer-detiction\.venv\Lib\site-packages\websockets\asyncio\server.py", line 376, in conn_handler
    await self.handler(connection)
          ~~~~~~~~~~~~^^^^^^^^^^^^
TypeError: WebSocketServer.handle_client() missing 1 required positional argument: 'path'
2025-08-20 13:38:13,740 - websockets.server - INFO - connection open
2025-08-20 13:38:13,740 - websockets.server - ERROR - connection handler failed
Traceback (most recent call last):
  File "C:\Users\LOQ\OneDrive\Pictures\Desktop\Cyber_Traning\closer-speacer-detiction\.venv\Lib\site-packages\websockets\asyncio\server.py", line 376, in conn_handler
    await self.handler(connection)
          ~~~~~~~~~~~~^^^^^^^^^^^^
TypeError: WebSocketServer.handle_client() missing 1 required positional argument: 'path'
2025-08-20 13:38:13,752 - websockets.server - INFO - connection open
2025-08-20 13:38:13,753 - websockets.server - ERROR - connection handler failed
Traceback (most recent call last):
  File "C:\Users\LOQ\OneDrive\Pictures\Desktop\Cyber_Traning\closer-speacer-detiction\.venv\Lib\site-packages\websockets\asyncio\server.py", line 376, in conn_handler
    await self.handler(connection)
          ~~~~~~~~~~~~^^^^^^^^^^^^
TypeError: WebSocketServer.handle_client() missing 1 required positional argument: 'path'
2025-08-20 13:38:14,730 - websockets.server - INFO - connection open
2025-08-20 13:38:14,731 - websockets.server - ERROR - connection handler failed
Traceback (most recent call last):
  File "C:\Users\LOQ\OneDrive\Pictures\Desktop\Cyber_Traning\closer-speacer-detiction\.venv\Lib\site-packages\websockets\asyncio\server.py", line 376, in conn_handler
    await self.handler(connection)
          ~~~~~~~~~~~~^^^^^^^^^^^^
TypeError: WebSocketServer.handle_client() missing 1 required positional argument: 'path'
2025-08-20 13:38:14,744 - websockets.server - INFO - connection open
2025-08-20 13:38:14,744 - websockets.server - ERROR - connection handler failed
Traceback (most recent call last):
  File "C:\Users\LOQ\OneDrive\Pictures\Desktop\Cyber_Traning\closer-speacer-detiction\.venv\Lib\site-packages\websockets\asyncio\server.py", line 376, in conn_handler
    await self.handler(connection)
          ~~~~~~~~~~~~^^^^^^^^^^^^
TypeError: WebSocketServer.handle_client() missing 1 required positional argument: 'path'
2025-08-20 13:38:15,993 - websockets.server - INFO - server closing
2025-08-20 13:38:15,993 - websockets.server - INFO - server closed
2025-08-20 13:38:15,995 - __main__ - INFO - Server stopped by user
2025-08-20 14:14:50,191 - __main__ - INFO - WebRTC VAD initialized with aggressiveness level 2
2025-08-20 14:14:50,191 - __main__ - INFO - Speech Recognition initialized
2025-08-20 14:14:50,191 - __main__ - INFO - AudioProcessor initialized (sample_rate=16000Hz)
2025-08-20 14:14:50,192 - __main__ - INFO - SpeakerManager initialized
2025-08-20 14:14:50,192 - __main__ - INFO - WebSocket server initialized on localhost:8765
2025-08-20 14:14:50,345 - websockets.server - INFO - server listening on [::1]:8765
2025-08-20 14:14:50,345 - websockets.server - INFO - server listening on 127.0.0.1:8765
2025-08-20 14:16:51,821 - websockets.server - INFO - server closing
2025-08-20 14:16:51,822 - websockets.server - INFO - server closed
2025-08-20 14:16:51,825 - __main__ - INFO - Server stopped by user
2025-08-20 14:17:07,700 - __main__ - INFO - WebRTC VAD initialized with aggressiveness level 2
2025-08-20 14:17:07,700 - __main__ - INFO - Speech Recognition initialized
2025-08-20 14:17:07,700 - __main__ - INFO - AudioProcessor initialized (sample_rate=16000Hz)
2025-08-20 14:17:07,701 - __main__ - INFO - SpeakerManager initialized
2025-08-20 14:17:07,701 - __main__ - INFO - WebSocket server initialized on localhost:8765
2025-08-20 14:17:07,741 - websockets.server - INFO - server listening on [::1]:8765
2025-08-20 14:17:07,741 - websockets.server - INFO - server listening on 127.0.0.1:8765
2025-08-20 14:18:56,678 - __main__ - INFO - WebRTC VAD initialized with aggressiveness level 2
2025-08-20 14:18:56,678 - __main__ - INFO - Speech Recognition initialized
2025-08-20 14:18:56,678 - __main__ - INFO - AudioProcessor initialized (sample_rate=16000Hz)
2025-08-20 14:18:56,678 - __main__ - INFO - SpeakerManager initialized
2025-08-20 14:18:56,678 - __main__ - INFO - WebSocket server initialized on localhost:8765
2025-08-20 14:18:56,723 - websockets.server - INFO - server listening on 127.0.0.1:8765
2025-08-20 14:18:56,723 - websockets.server - INFO - server listening on [::1]:8765
2025-08-20 14:19:28,208 - websockets.server - INFO - connection open
2025-08-20 14:19:28,209 - websockets.server - ERROR - connection handler failed
Traceback (most recent call last):
  File "C:\Users\LOQ\OneDrive\Pictures\Desktop\Cyber_Traning\closer-speacer-detiction\.venv\Lib\site-packages\websockets\asyncio\server.py", line 376, in conn_handler
    await self.handler(connection)
          ~~~~~~~~~~~~^^^^^^^^^^^^
TypeError: WebSocketServer.handle_client() missing 1 required positional argument: 'path'
2025-08-20 14:19:28,983 - websockets.server - INFO - connection open
2025-08-20 14:19:28,983 - websockets.server - ERROR - connection handler failed
Traceback (most recent call last):
  File "C:\Users\LOQ\OneDrive\Pictures\Desktop\Cyber_Traning\closer-speacer-detiction\.venv\Lib\site-packages\websockets\asyncio\server.py", line 376, in conn_handler
    await self.handler(connection)
          ~~~~~~~~~~~~^^^^^^^^^^^^
TypeError: WebSocketServer.handle_client() missing 1 required positional argument: 'path'
2025-08-20 14:19:30,218 - websockets.server - INFO - connection open
2025-08-20 14:19:30,218 - websockets.server - ERROR - connection handler failed
Traceback (most recent call last):
  File "C:\Users\LOQ\OneDrive\Pictures\Desktop\Cyber_Traning\closer-speacer-detiction\.venv\Lib\site-packages\websockets\asyncio\server.py", line 376, in conn_handler
    await self.handler(connection)
          ~~~~~~~~~~~~^^^^^^^^^^^^
TypeError: WebSocketServer.handle_client() missing 1 required positional argument: 'path'
2025-08-20 14:19:30,997 - websockets.server - INFO - connection open
2025-08-20 14:19:30,998 - websockets.server - ERROR - connection handler failed
Traceback (most recent call last):
  File "C:\Users\LOQ\OneDrive\Pictures\Desktop\Cyber_Traning\closer-speacer-detiction\.venv\Lib\site-packages\websockets\asyncio\server.py", line 376, in conn_handler
    await self.handler(connection)
          ~~~~~~~~~~~~^^^^^^^^^^^^
TypeError: WebSocketServer.handle_client() missing 1 required positional argument: 'path'
2025-08-20 14:19:31,092 - websockets.server - INFO - connection open
2025-08-20 14:19:31,093 - websockets.server - ERROR - connection handler failed
Traceback (most recent call last):
  File "C:\Users\LOQ\OneDrive\Pictures\Desktop\Cyber_Traning\closer-speacer-detiction\.venv\Lib\site-packages\websockets\asyncio\server.py", line 376, in conn_handler
    await self.handler(connection)
          ~~~~~~~~~~~~^^^^^^^^^^^^
TypeError: WebSocketServer.handle_client() missing 1 required positional argument: 'path'
2025-08-20 14:19:31,967 - websockets.server - INFO - connection open
2025-08-20 14:19:31,967 - websockets.server - ERROR - connection handler failed
Traceback (most recent call last):
  File "C:\Users\LOQ\OneDrive\Pictures\Desktop\Cyber_Traning\closer-speacer-detiction\.venv\Lib\site-packages\websockets\asyncio\server.py", line 376, in conn_handler
    await self.handler(connection)
          ~~~~~~~~~~~~^^^^^^^^^^^^
TypeError: WebSocketServer.handle_client() missing 1 required positional argument: 'path'
2025-08-20 14:19:32,158 - websockets.server - INFO - connection open
2025-08-20 14:19:32,159 - websockets.server - ERROR - connection handler failed
Traceback (most recent call last):
  File "C:\Users\LOQ\OneDrive\Pictures\Desktop\Cyber_Traning\closer-speacer-detiction\.venv\Lib\site-packages\websockets\asyncio\server.py", line 376, in conn_handler
    await self.handler(connection)
          ~~~~~~~~~~~~^^^^^^^^^^^^
TypeError: WebSocketServer.handle_client() missing 1 required positional argument: 'path'
2025-08-20 14:19:32,224 - websockets.server - INFO - connection open
2025-08-20 14:19:32,225 - websockets.server - ERROR - connection handler failed
Traceback (most recent call last):
  File "C:\Users\LOQ\OneDrive\Pictures\Desktop\Cyber_Traning\closer-speacer-detiction\.venv\Lib\site-packages\websockets\asyncio\server.py", line 376, in conn_handler
    await self.handler(connection)
          ~~~~~~~~~~~~^^^^^^^^^^^^
TypeError: WebSocketServer.handle_client() missing 1 required positional argument: 'path'
2025-08-20 14:19:32,349 - websockets.server - INFO - connection open
2025-08-20 14:19:32,350 - websockets.server - ERROR - connection handler failed
Traceback (most recent call last):
  File "C:\Users\LOQ\OneDrive\Pictures\Desktop\Cyber_Traning\closer-speacer-detiction\.venv\Lib\site-packages\websockets\asyncio\server.py", line 376, in conn_handler
    await self.handler(connection)
          ~~~~~~~~~~~~^^^^^^^^^^^^
TypeError: WebSocketServer.handle_client() missing 1 required positional argument: 'path'
2025-08-20 14:19:32,540 - websockets.server - INFO - connection open
2025-08-20 14:19:32,541 - websockets.server - ERROR - connection handler failed
Traceback (most recent call last):
  File "C:\Users\LOQ\OneDrive\Pictures\Desktop\Cyber_Traning\closer-speacer-detiction\.venv\Lib\site-packages\websockets\asyncio\server.py", line 376, in conn_handler
    await self.handler(connection)
          ~~~~~~~~~~~~^^^^^^^^^^^^
TypeError: WebSocketServer.handle_client() missing 1 required positional argument: 'path'
2025-08-20 14:19:32,725 - websockets.server - INFO - connection open
2025-08-20 14:19:32,726 - websockets.server - ERROR - connection handler failed
Traceback (most recent call last):
  File "C:\Users\LOQ\OneDrive\Pictures\Desktop\Cyber_Traning\closer-speacer-detiction\.venv\Lib\site-packages\websockets\asyncio\server.py", line 376, in conn_handler
    await self.handler(connection)
          ~~~~~~~~~~~~^^^^^^^^^^^^
TypeError: WebSocketServer.handle_client() missing 1 required positional argument: 'path'
2025-08-20 14:19:32,916 - websockets.server - INFO - connection open
2025-08-20 14:19:32,917 - websockets.server - ERROR - connection handler failed
Traceback (most recent call last):
  File "C:\Users\LOQ\OneDrive\Pictures\Desktop\Cyber_Traning\closer-speacer-detiction\.venv\Lib\site-packages\websockets\asyncio\server.py", line 376, in conn_handler
    await self.handler(connection)
          ~~~~~~~~~~~~^^^^^^^^^^^^
TypeError: WebSocketServer.handle_client() missing 1 required positional argument: 'path'
2025-08-20 14:19:33,012 - websockets.server - INFO - connection open
2025-08-20 14:19:33,013 - websockets.server - ERROR - connection handler failed
Traceback (most recent call last):
  File "C:\Users\LOQ\OneDrive\Pictures\Desktop\Cyber_Traning\closer-speacer-detiction\.venv\Lib\site-packages\websockets\asyncio\server.py", line 376, in conn_handler
    await self.handler(connection)
          ~~~~~~~~~~~~^^^^^^^^^^^^
TypeError: WebSocketServer.handle_client() missing 1 required positional argument: 'path'
2025-08-20 14:19:33,101 - websockets.server - INFO - connection open
2025-08-20 14:19:33,102 - websockets.server - ERROR - connection handler failed
Traceback (most recent call last):
  File "C:\Users\LOQ\OneDrive\Pictures\Desktop\Cyber_Traning\closer-speacer-detiction\.venv\Lib\site-packages\websockets\asyncio\server.py", line 376, in conn_handler
    await self.handler(connection)
          ~~~~~~~~~~~~^^^^^^^^^^^^
TypeError: WebSocketServer.handle_client() missing 1 required positional argument: 'path'
2025-08-20 14:19:33,130 - websockets.server - INFO - connection open
2025-08-20 14:19:33,130 - websockets.server - ERROR - connection handler failed
Traceback (most recent call last):
  File "C:\Users\LOQ\OneDrive\Pictures\Desktop\Cyber_Traning\closer-speacer-detiction\.venv\Lib\site-packages\websockets\asyncio\server.py", line 376, in conn_handler
    await self.handler(connection)
          ~~~~~~~~~~~~^^^^^^^^^^^^
TypeError: WebSocketServer.handle_client() missing 1 required positional argument: 'path'
2025-08-20 14:19:33,983 - websockets.server - INFO - connection open
2025-08-20 14:19:33,983 - websockets.server - ERROR - connection handler failed
Traceback (most recent call last):
  File "C:\Users\LOQ\OneDrive\Pictures\Desktop\Cyber_Traning\closer-speacer-detiction\.venv\Lib\site-packages\websockets\asyncio\server.py", line 376, in conn_handler
    await self.handler(connection)
          ~~~~~~~~~~~~^^^^^^^^^^^^
TypeError: WebSocketServer.handle_client() missing 1 required positional argument: 'path'
2025-08-20 14:19:34,178 - websockets.server - INFO - connection open
2025-08-20 14:19:34,179 - websockets.server - ERROR - connection handler failed
Traceback (most recent call last):
  File "C:\Users\LOQ\OneDrive\Pictures\Desktop\Cyber_Traning\closer-speacer-detiction\.venv\Lib\site-packages\websockets\asyncio\server.py", line 376, in conn_handler
    await self.handler(connection)
          ~~~~~~~~~~~~^^^^^^^^^^^^
TypeError: WebSocketServer.handle_client() missing 1 required positional argument: 'path'
2025-08-20 14:19:34,249 - websockets.server - INFO - connection open
2025-08-20 14:19:34,250 - websockets.server - ERROR - connection handler failed
Traceback (most recent call last):
  File "C:\Users\LOQ\OneDrive\Pictures\Desktop\Cyber_Traning\closer-speacer-detiction\.venv\Lib\site-packages\websockets\asyncio\server.py", line 376, in conn_handler
    await self.handler(connection)
          ~~~~~~~~~~~~^^^^^^^^^^^^
TypeError: WebSocketServer.handle_client() missing 1 required positional argument: 'path'
2025-08-20 14:19:34,367 - websockets.server - INFO - connection open
2025-08-20 14:19:34,368 - websockets.server - ERROR - connection handler failed
Traceback (most recent call last):
  File "C:\Users\LOQ\OneDrive\Pictures\Desktop\Cyber_Traning\closer-speacer-detiction\.venv\Lib\site-packages\websockets\asyncio\server.py", line 376, in conn_handler
    await self.handler(connection)
          ~~~~~~~~~~~~^^^^^^^^^^^^
TypeError: WebSocketServer.handle_client() missing 1 required positional argument: 'path'
2025-08-20 14:19:34,551 - websockets.server - INFO - connection open
2025-08-20 14:19:34,552 - websockets.server - ERROR - connection handler failed
Traceback (most recent call last):
  File "C:\Users\LOQ\OneDrive\Pictures\Desktop\Cyber_Traning\closer-speacer-detiction\.venv\Lib\site-packages\websockets\asyncio\server.py", line 376, in conn_handler
    await self.handler(connection)
          ~~~~~~~~~~~~^^^^^^^^^^^^
TypeError: WebSocketServer.handle_client() missing 1 required positional argument: 'path'
2025-08-20 14:19:35,686 - websockets.server - INFO - connection open
2025-08-20 14:19:35,687 - websockets.server - ERROR - connection handler failed
Traceback (most recent call last):
  File "C:\Users\LOQ\OneDrive\Pictures\Desktop\Cyber_Traning\closer-speacer-detiction\.venv\Lib\site-packages\websockets\asyncio\server.py", line 376, in conn_handler
    await self.handler(connection)
          ~~~~~~~~~~~~^^^^^^^^^^^^
TypeError: WebSocketServer.handle_client() missing 1 required positional argument: 'path'
2025-08-20 14:19:37,172 - websockets.server - INFO - connection open
2025-08-20 14:19:37,173 - websockets.server - ERROR - connection handler failed
Traceback (most recent call last):
  File "C:\Users\LOQ\OneDrive\Pictures\Desktop\Cyber_Traning\closer-speacer-detiction\.venv\Lib\site-packages\websockets\asyncio\server.py", line 376, in conn_handler
    await self.handler(connection)
          ~~~~~~~~~~~~^^^^^^^^^^^^
TypeError: WebSocketServer.handle_client() missing 1 required positional argument: 'path'
2025-08-20 14:19:37,696 - websockets.server - INFO - connection open
2025-08-20 14:19:37,697 - websockets.server - ERROR - connection handler failed
Traceback (most recent call last):
  File "C:\Users\LOQ\OneDrive\Pictures\Desktop\Cyber_Traning\closer-speacer-detiction\.venv\Lib\site-packages\websockets\asyncio\server.py", line 376, in conn_handler
    await self.handler(connection)
          ~~~~~~~~~~~~^^^^^^^^^^^^
TypeError: WebSocketServer.handle_client() missing 1 required positional argument: 'path'
2025-08-20 14:19:38,523 - websockets.server - INFO - connection open
2025-08-20 14:19:38,524 - websockets.server - ERROR - connection handler failed
Traceback (most recent call last):
  File "C:\Users\LOQ\OneDrive\Pictures\Desktop\Cyber_Traning\closer-speacer-detiction\.venv\Lib\site-packages\websockets\asyncio\server.py", line 376, in conn_handler
    await self.handler(connection)
          ~~~~~~~~~~~~^^^^^^^^^^^^
TypeError: WebSocketServer.handle_client() missing 1 required positional argument: 'path'
2025-08-20 14:19:39,184 - websockets.server - INFO - connection open
2025-08-20 14:19:39,186 - websockets.server - ERROR - connection handler failed
Traceback (most recent call last):
  File "C:\Users\LOQ\OneDrive\Pictures\Desktop\Cyber_Traning\closer-speacer-detiction\.venv\Lib\site-packages\websockets\asyncio\server.py", line 376, in conn_handler
    await self.handler(connection)
          ~~~~~~~~~~~~^^^^^^^^^^^^
TypeError: WebSocketServer.handle_client() missing 1 required positional argument: 'path'
2025-08-20 14:19:39,714 - websockets.server - INFO - connection open
2025-08-20 14:19:39,715 - websockets.server - ERROR - connection handler failed
Traceback (most recent call last):
  File "C:\Users\LOQ\OneDrive\Pictures\Desktop\Cyber_Traning\closer-speacer-detiction\.venv\Lib\site-packages\websockets\asyncio\server.py", line 376, in conn_handler
    await self.handler(connection)
          ~~~~~~~~~~~~^^^^^^^^^^^^
TypeError: WebSocketServer.handle_client() missing 1 required positional argument: 'path'
2025-08-20 14:19:40,537 - websockets.server - INFO - connection open
2025-08-20 14:19:40,538 - websockets.server - ERROR - connection handler failed
Traceback (most recent call last):
  File "C:\Users\LOQ\OneDrive\Pictures\Desktop\Cyber_Traning\closer-speacer-detiction\.venv\Lib\site-packages\websockets\asyncio\server.py", line 376, in conn_handler
    await self.handler(connection)
          ~~~~~~~~~~~~^^^^^^^^^^^^
TypeError: WebSocketServer.handle_client() missing 1 required positional argument: 'path'
2025-08-20 14:19:41,196 - websockets.server - INFO - connection open
2025-08-20 14:19:41,197 - websockets.server - ERROR - connection handler failed
Traceback (most recent call last):
  File "C:\Users\LOQ\OneDrive\Pictures\Desktop\Cyber_Traning\closer-speacer-detiction\.venv\Lib\site-packages\websockets\asyncio\server.py", line 376, in conn_handler
    await self.handler(connection)
          ~~~~~~~~~~~~^^^^^^^^^^^^
TypeError: WebSocketServer.handle_client() missing 1 required positional argument: 'path'
2025-08-20 14:19:41,725 - websockets.server - INFO - connection open
2025-08-20 14:19:41,726 - websockets.server - ERROR - connection handler failed
Traceback (most recent call last):
  File "C:\Users\LOQ\OneDrive\Pictures\Desktop\Cyber_Traning\closer-speacer-detiction\.venv\Lib\site-packages\websockets\asyncio\server.py", line 376, in conn_handler
    await self.handler(connection)
          ~~~~~~~~~~~~^^^^^^^^^^^^
TypeError: WebSocketServer.handle_client() missing 1 required positional argument: 'path'
2025-08-20 14:19:42,551 - websockets.server - INFO - connection open
2025-08-20 14:19:42,551 - websockets.server - ERROR - connection handler failed
Traceback (most recent call last):
  File "C:\Users\LOQ\OneDrive\Pictures\Desktop\Cyber_Traning\closer-speacer-detiction\.venv\Lib\site-packages\websockets\asyncio\server.py", line 376, in conn_handler
    await self.handler(connection)
          ~~~~~~~~~~~~^^^^^^^^^^^^
TypeError: WebSocketServer.handle_client() missing 1 required positional argument: 'path'
2025-08-20 14:19:43,205 - websockets.server - INFO - connection open
2025-08-20 14:19:43,205 - websockets.server - ERROR - connection handler failed
Traceback (most recent call last):
  File "C:\Users\LOQ\OneDrive\Pictures\Desktop\Cyber_Traning\closer-speacer-detiction\.venv\Lib\site-packages\websockets\asyncio\server.py", line 376, in conn_handler
    await self.handler(connection)
          ~~~~~~~~~~~~^^^^^^^^^^^^
TypeError: WebSocketServer.handle_client() missing 1 required positional argument: 'path'
2025-08-20 14:19:43,746 - websockets.server - INFO - connection open
2025-08-20 14:19:43,747 - websockets.server - ERROR - connection handler failed
Traceback (most recent call last):
  File "C:\Users\LOQ\OneDrive\Pictures\Desktop\Cyber_Traning\closer-speacer-detiction\.venv\Lib\site-packages\websockets\asyncio\server.py", line 376, in conn_handler
    await self.handler(connection)
          ~~~~~~~~~~~~^^^^^^^^^^^^
TypeError: WebSocketServer.handle_client() missing 1 required positional argument: 'path'
2025-08-20 14:19:44,566 - websockets.server - INFO - connection open
2025-08-20 14:19:44,567 - websockets.server - ERROR - connection handler failed
Traceback (most recent call last):
  File "C:\Users\LOQ\OneDrive\Pictures\Desktop\Cyber_Traning\closer-speacer-detiction\.venv\Lib\site-packages\websockets\asyncio\server.py", line 376, in conn_handler
    await self.handler(connection)
          ~~~~~~~~~~~~^^^^^^^^^^^^
TypeError: WebSocketServer.handle_client() missing 1 required positional argument: 'path'
2025-08-20 14:19:45,219 - websockets.server - INFO - connection open
2025-08-20 14:19:45,220 - websockets.server - ERROR - connection handler failed
Traceback (most recent call last):
  File "C:\Users\LOQ\OneDrive\Pictures\Desktop\Cyber_Traning\closer-speacer-detiction\.venv\Lib\site-packages\websockets\asyncio\server.py", line 376, in conn_handler
    await self.handler(connection)
          ~~~~~~~~~~~~^^^^^^^^^^^^
TypeError: WebSocketServer.handle_client() missing 1 required positional argument: 'path'
2025-08-20 14:19:45,766 - websockets.server - INFO - connection open
2025-08-20 14:19:45,766 - websockets.server - ERROR - connection handler failed
Traceback (most recent call last):
  File "C:\Users\LOQ\OneDrive\Pictures\Desktop\Cyber_Traning\closer-speacer-detiction\.venv\Lib\site-packages\websockets\asyncio\server.py", line 376, in conn_handler
    await self.handler(connection)
          ~~~~~~~~~~~~^^^^^^^^^^^^
TypeError: WebSocketServer.handle_client() missing 1 required positional argument: 'path'
2025-08-20 14:19:46,578 - websockets.server - INFO - connection open
2025-08-20 14:19:46,579 - websockets.server - ERROR - connection handler failed
Traceback (most recent call last):
  File "C:\Users\LOQ\OneDrive\Pictures\Desktop\Cyber_Traning\closer-speacer-detiction\.venv\Lib\site-packages\websockets\asyncio\server.py", line 376, in conn_handler
    await self.handler(connection)
          ~~~~~~~~~~~~^^^^^^^^^^^^
TypeError: WebSocketServer.handle_client() missing 1 required positional argument: 'path'
2025-08-20 14:19:47,231 - websockets.server - INFO - connection open
2025-08-20 14:19:47,232 - websockets.server - ERROR - connection handler failed
Traceback (most recent call last):
  File "C:\Users\LOQ\OneDrive\Pictures\Desktop\Cyber_Traning\closer-speacer-detiction\.venv\Lib\site-packages\websockets\asyncio\server.py", line 376, in conn_handler
    await self.handler(connection)
          ~~~~~~~~~~~~^^^^^^^^^^^^
TypeError: WebSocketServer.handle_client() missing 1 required positional argument: 'path'
2025-08-20 14:19:47,788 - websockets.server - INFO - connection open
2025-08-20 14:19:47,790 - websockets.server - ERROR - connection handler failed
Traceback (most recent call last):
  File "C:\Users\LOQ\OneDrive\Pictures\Desktop\Cyber_Traning\closer-speacer-detiction\.venv\Lib\site-packages\websockets\asyncio\server.py", line 376, in conn_handler
    await self.handler(connection)
          ~~~~~~~~~~~~^^^^^^^^^^^^
TypeError: WebSocketServer.handle_client() missing 1 required positional argument: 'path'
2025-08-20 14:19:48,589 - websockets.server - INFO - connection open
2025-08-20 14:19:48,590 - websockets.server - ERROR - connection handler failed
Traceback (most recent call last):
  File "C:\Users\LOQ\OneDrive\Pictures\Desktop\Cyber_Traning\closer-speacer-detiction\.venv\Lib\site-packages\websockets\asyncio\server.py", line 376, in conn_handler
    await self.handler(connection)
          ~~~~~~~~~~~~^^^^^^^^^^^^
TypeError: WebSocketServer.handle_client() missing 1 required positional argument: 'path'
2025-08-20 14:19:49,245 - websockets.server - INFO - connection open
2025-08-20 14:19:49,245 - websockets.server - ERROR - connection handler failed
Traceback (most recent call last):
  File "C:\Users\LOQ\OneDrive\Pictures\Desktop\Cyber_Traning\closer-speacer-detiction\.venv\Lib\site-packages\websockets\asyncio\server.py", line 376, in conn_handler
    await self.handler(connection)
          ~~~~~~~~~~~~^^^^^^^^^^^^
TypeError: WebSocketServer.handle_client() missing 1 required positional argument: 'path'
2025-08-20 14:19:49,800 - websockets.server - INFO - connection open
2025-08-20 14:19:49,800 - websockets.server - ERROR - connection handler failed
Traceback (most recent call last):
  File "C:\Users\LOQ\OneDrive\Pictures\Desktop\Cyber_Traning\closer-speacer-detiction\.venv\Lib\site-packages\websockets\asyncio\server.py", line 376, in conn_handler
    await self.handler(connection)
          ~~~~~~~~~~~~^^^^^^^^^^^^
TypeError: WebSocketServer.handle_client() missing 1 required positional argument: 'path'
2025-08-20 14:19:50,605 - websockets.server - INFO - connection open
2025-08-20 14:19:50,605 - websockets.server - ERROR - connection handler failed
Traceback (most recent call last):
  File "C:\Users\LOQ\OneDrive\Pictures\Desktop\Cyber_Traning\closer-speacer-detiction\.venv\Lib\site-packages\websockets\asyncio\server.py", line 376, in conn_handler
    await self.handler(connection)
          ~~~~~~~~~~~~^^^^^^^^^^^^
TypeError: WebSocketServer.handle_client() missing 1 required positional argument: 'path'
2025-08-20 14:19:51,258 - websockets.server - INFO - connection open
2025-08-20 14:19:51,258 - websockets.server - ERROR - connection handler failed
Traceback (most recent call last):
  File "C:\Users\LOQ\OneDrive\Pictures\Desktop\Cyber_Traning\closer-speacer-detiction\.venv\Lib\site-packages\websockets\asyncio\server.py", line 376, in conn_handler
    await self.handler(connection)
          ~~~~~~~~~~~~^^^^^^^^^^^^
TypeError: WebSocketServer.handle_client() missing 1 required positional argument: 'path'
2025-08-20 14:19:51,810 - websockets.server - INFO - connection open
2025-08-20 14:19:51,810 - websockets.server - ERROR - connection handler failed
Traceback (most recent call last):
  File "C:\Users\LOQ\OneDrive\Pictures\Desktop\Cyber_Traning\closer-speacer-detiction\.venv\Lib\site-packages\websockets\asyncio\server.py", line 376, in conn_handler
    await self.handler(connection)
          ~~~~~~~~~~~~^^^^^^^^^^^^
TypeError: WebSocketServer.handle_client() missing 1 required positional argument: 'path'
2025-08-20 14:19:52,619 - websockets.server - INFO - connection open
2025-08-20 14:19:52,620 - websockets.server - ERROR - connection handler failed
Traceback (most recent call last):
  File "C:\Users\LOQ\OneDrive\Pictures\Desktop\Cyber_Traning\closer-speacer-detiction\.venv\Lib\site-packages\websockets\asyncio\server.py", line 376, in conn_handler
    await self.handler(connection)
          ~~~~~~~~~~~~^^^^^^^^^^^^
TypeError: WebSocketServer.handle_client() missing 1 required positional argument: 'path'
2025-08-20 14:19:53,271 - websockets.server - INFO - connection open
2025-08-20 14:19:53,271 - websockets.server - ERROR - connection handler failed
Traceback (most recent call last):
  File "C:\Users\LOQ\OneDrive\Pictures\Desktop\Cyber_Traning\closer-speacer-detiction\.venv\Lib\site-packages\websockets\asyncio\server.py", line 376, in conn_handler
    await self.handler(connection)
          ~~~~~~~~~~~~^^^^^^^^^^^^
TypeError: WebSocketServer.handle_client() missing 1 required positional argument: 'path'
2025-08-20 14:19:53,821 - websockets.server - INFO - connection open
2025-08-20 14:19:53,821 - websockets.server - ERROR - connection handler failed
Traceback (most recent call last):
  File "C:\Users\LOQ\OneDrive\Pictures\Desktop\Cyber_Traning\closer-speacer-detiction\.venv\Lib\site-packages\websockets\asyncio\server.py", line 376, in conn_handler
    await self.handler(connection)
          ~~~~~~~~~~~~^^^^^^^^^^^^
TypeError: WebSocketServer.handle_client() missing 1 required positional argument: 'path'
2025-08-20 14:19:54,635 - websockets.server - INFO - connection open
2025-08-20 14:19:54,635 - websockets.server - ERROR - connection handler failed
Traceback (most recent call last):
  File "C:\Users\LOQ\OneDrive\Pictures\Desktop\Cyber_Traning\closer-speacer-detiction\.venv\Lib\site-packages\websockets\asyncio\server.py", line 376, in conn_handler
    await self.handler(connection)
          ~~~~~~~~~~~~^^^^^^^^^^^^
TypeError: WebSocketServer.handle_client() missing 1 required positional argument: 'path'
2025-08-20 14:19:55,286 - websockets.server - INFO - connection open
2025-08-20 14:19:55,287 - websockets.server - ERROR - connection handler failed
Traceback (most recent call last):
  File "C:\Users\LOQ\OneDrive\Pictures\Desktop\Cyber_Traning\closer-speacer-detiction\.venv\Lib\site-packages\websockets\asyncio\server.py", line 376, in conn_handler
    await self.handler(connection)
          ~~~~~~~~~~~~^^^^^^^^^^^^
TypeError: WebSocketServer.handle_client() missing 1 required positional argument: 'path'
2025-08-20 14:19:55,828 - websockets.server - INFO - connection open
2025-08-20 14:19:55,828 - websockets.server - ERROR - connection handler failed
Traceback (most recent call last):
  File "C:\Users\LOQ\OneDrive\Pictures\Desktop\Cyber_Traning\closer-speacer-detiction\.venv\Lib\site-packages\websockets\asyncio\server.py", line 376, in conn_handler
    await self.handler(connection)
          ~~~~~~~~~~~~^^^^^^^^^^^^
TypeError: WebSocketServer.handle_client() missing 1 required positional argument: 'path'
2025-08-20 14:19:56,647 - websockets.server - INFO - connection open
2025-08-20 14:19:56,647 - websockets.server - ERROR - connection handler failed
Traceback (most recent call last):
  File "C:\Users\LOQ\OneDrive\Pictures\Desktop\Cyber_Traning\closer-speacer-detiction\.venv\Lib\site-packages\websockets\asyncio\server.py", line 376, in conn_handler
    await self.handler(connection)
          ~~~~~~~~~~~~^^^^^^^^^^^^
TypeError: WebSocketServer.handle_client() missing 1 required positional argument: 'path'
2025-08-20 14:19:57,301 - websockets.server - INFO - connection open
2025-08-20 14:19:57,301 - websockets.server - ERROR - connection handler failed
Traceback (most recent call last):
  File "C:\Users\LOQ\OneDrive\Pictures\Desktop\Cyber_Traning\closer-speacer-detiction\.venv\Lib\site-packages\websockets\asyncio\server.py", line 376, in conn_handler
    await self.handler(connection)
          ~~~~~~~~~~~~^^^^^^^^^^^^
TypeError: WebSocketServer.handle_client() missing 1 required positional argument: 'path'
2025-08-20 14:19:57,836 - websockets.server - INFO - connection open
2025-08-20 14:19:57,836 - websockets.server - ERROR - connection handler failed
Traceback (most recent call last):
  File "C:\Users\LOQ\OneDrive\Pictures\Desktop\Cyber_Traning\closer-speacer-detiction\.venv\Lib\site-packages\websockets\asyncio\server.py", line 376, in conn_handler
    await self.handler(connection)
          ~~~~~~~~~~~~^^^^^^^^^^^^
TypeError: WebSocketServer.handle_client() missing 1 required positional argument: 'path'
2025-08-20 14:19:58,661 - websockets.server - INFO - connection open
2025-08-20 14:19:58,661 - websockets.server - ERROR - connection handler failed
Traceback (most recent call last):
  File "C:\Users\LOQ\OneDrive\Pictures\Desktop\Cyber_Traning\closer-speacer-detiction\.venv\Lib\site-packages\websockets\asyncio\server.py", line 376, in conn_handler
    await self.handler(connection)
          ~~~~~~~~~~~~^^^^^^^^^^^^
TypeError: WebSocketServer.handle_client() missing 1 required positional argument: 'path'
2025-08-20 14:19:59,314 - websockets.server - INFO - connection open
2025-08-20 14:19:59,315 - websockets.server - ERROR - connection handler failed
Traceback (most recent call last):
  File "C:\Users\LOQ\OneDrive\Pictures\Desktop\Cyber_Traning\closer-speacer-detiction\.venv\Lib\site-packages\websockets\asyncio\server.py", line 376, in conn_handler
    await self.handler(connection)
          ~~~~~~~~~~~~^^^^^^^^^^^^
TypeError: WebSocketServer.handle_client() missing 1 required positional argument: 'path'
2025-08-20 14:19:59,848 - websockets.server - INFO - connection open
2025-08-20 14:19:59,848 - websockets.server - ERROR - connection handler failed
Traceback (most recent call last):
  File "C:\Users\LOQ\OneDrive\Pictures\Desktop\Cyber_Traning\closer-speacer-detiction\.venv\Lib\site-packages\websockets\asyncio\server.py", line 376, in conn_handler
    await self.handler(connection)
          ~~~~~~~~~~~~^^^^^^^^^^^^
TypeError: WebSocketServer.handle_client() missing 1 required positional argument: 'path'
2025-08-20 14:20:00,674 - websockets.server - INFO - connection open
2025-08-20 14:20:00,674 - websockets.server - ERROR - connection handler failed
Traceback (most recent call last):
  File "C:\Users\LOQ\OneDrive\Pictures\Desktop\Cyber_Traning\closer-speacer-detiction\.venv\Lib\site-packages\websockets\asyncio\server.py", line 376, in conn_handler
    await self.handler(connection)
          ~~~~~~~~~~~~^^^^^^^^^^^^
TypeError: WebSocketServer.handle_client() missing 1 required positional argument: 'path'
2025-08-20 14:20:01,324 - websockets.server - INFO - connection open
2025-08-20 14:20:01,325 - websockets.server - ERROR - connection handler failed
Traceback (most recent call last):
  File "C:\Users\LOQ\OneDrive\Pictures\Desktop\Cyber_Traning\closer-speacer-detiction\.venv\Lib\site-packages\websockets\asyncio\server.py", line 376, in conn_handler
    await self.handler(connection)
          ~~~~~~~~~~~~^^^^^^^^^^^^
TypeError: WebSocketServer.handle_client() missing 1 required positional argument: 'path'
2025-08-20 14:20:01,862 - websockets.server - INFO - connection open
2025-08-20 14:20:01,863 - websockets.server - ERROR - connection handler failed
Traceback (most recent call last):
  File "C:\Users\LOQ\OneDrive\Pictures\Desktop\Cyber_Traning\closer-speacer-detiction\.venv\Lib\site-packages\websockets\asyncio\server.py", line 376, in conn_handler
    await self.handler(connection)
          ~~~~~~~~~~~~^^^^^^^^^^^^
TypeError: WebSocketServer.handle_client() missing 1 required positional argument: 'path'
2025-08-20 14:20:02,688 - websockets.server - INFO - connection open
2025-08-20 14:20:02,689 - websockets.server - ERROR - connection handler failed
Traceback (most recent call last):
  File "C:\Users\LOQ\OneDrive\Pictures\Desktop\Cyber_Traning\closer-speacer-detiction\.venv\Lib\site-packages\websockets\asyncio\server.py", line 376, in conn_handler
    await self.handler(connection)
          ~~~~~~~~~~~~^^^^^^^^^^^^
TypeError: WebSocketServer.handle_client() missing 1 required positional argument: 'path'
2025-08-20 14:20:03,336 - websockets.server - INFO - connection open
2025-08-20 14:20:03,336 - websockets.server - ERROR - connection handler failed
Traceback (most recent call last):
  File "C:\Users\LOQ\OneDrive\Pictures\Desktop\Cyber_Traning\closer-speacer-detiction\.venv\Lib\site-packages\websockets\asyncio\server.py", line 376, in conn_handler
    await self.handler(connection)
          ~~~~~~~~~~~~^^^^^^^^^^^^
TypeError: WebSocketServer.handle_client() missing 1 required positional argument: 'path'
2025-08-20 14:20:03,875 - websockets.server - INFO - connection open
2025-08-20 14:20:03,876 - websockets.server - ERROR - connection handler failed
Traceback (most recent call last):
  File "C:\Users\LOQ\OneDrive\Pictures\Desktop\Cyber_Traning\closer-speacer-detiction\.venv\Lib\site-packages\websockets\asyncio\server.py", line 376, in conn_handler
    await self.handler(connection)
          ~~~~~~~~~~~~^^^^^^^^^^^^
TypeError: WebSocketServer.handle_client() missing 1 required positional argument: 'path'
2025-08-20 14:20:04,697 - websockets.server - INFO - connection open
2025-08-20 14:20:04,698 - websockets.server - ERROR - connection handler failed
Traceback (most recent call last):
  File "C:\Users\LOQ\OneDrive\Pictures\Desktop\Cyber_Traning\closer-speacer-detiction\.venv\Lib\site-packages\websockets\asyncio\server.py", line 376, in conn_handler
    await self.handler(connection)
          ~~~~~~~~~~~~^^^^^^^^^^^^
TypeError: WebSocketServer.handle_client() missing 1 required positional argument: 'path'
2025-08-20 14:20:05,354 - websockets.server - INFO - connection open
2025-08-20 14:20:05,355 - websockets.server - ERROR - connection handler failed
Traceback (most recent call last):
  File "C:\Users\LOQ\OneDrive\Pictures\Desktop\Cyber_Traning\closer-speacer-detiction\.venv\Lib\site-packages\websockets\asyncio\server.py", line 376, in conn_handler
    await self.handler(connection)
          ~~~~~~~~~~~~^^^^^^^^^^^^
TypeError: WebSocketServer.handle_client() missing 1 required positional argument: 'path'
2025-08-20 14:20:05,886 - websockets.server - INFO - connection open
2025-08-20 14:20:05,887 - websockets.server - ERROR - connection handler failed
Traceback (most recent call last):
  File "C:\Users\LOQ\OneDrive\Pictures\Desktop\Cyber_Traning\closer-speacer-detiction\.venv\Lib\site-packages\websockets\asyncio\server.py", line 376, in conn_handler
    await self.handler(connection)
          ~~~~~~~~~~~~^^^^^^^^^^^^
TypeError: WebSocketServer.handle_client() missing 1 required positional argument: 'path'
2025-08-20 14:20:06,709 - websockets.server - INFO - connection open
2025-08-20 14:20:06,710 - websockets.server - ERROR - connection handler failed
Traceback (most recent call last):
  File "C:\Users\LOQ\OneDrive\Pictures\Desktop\Cyber_Traning\closer-speacer-detiction\.venv\Lib\site-packages\websockets\asyncio\server.py", line 376, in conn_handler
    await self.handler(connection)
          ~~~~~~~~~~~~^^^^^^^^^^^^
TypeError: WebSocketServer.handle_client() missing 1 required positional argument: 'path'
2025-08-20 14:20:07,366 - websockets.server - INFO - connection open
2025-08-20 14:20:07,367 - websockets.server - ERROR - connection handler failed
Traceback (most recent call last):
  File "C:\Users\LOQ\OneDrive\Pictures\Desktop\Cyber_Traning\closer-speacer-detiction\.venv\Lib\site-packages\websockets\asyncio\server.py", line 376, in conn_handler
    await self.handler(connection)
          ~~~~~~~~~~~~^^^^^^^^^^^^
TypeError: WebSocketServer.handle_client() missing 1 required positional argument: 'path'
2025-08-20 14:20:07,894 - websockets.server - INFO - connection open
2025-08-20 14:20:07,895 - websockets.server - ERROR - connection handler failed
Traceback (most recent call last):
  File "C:\Users\LOQ\OneDrive\Pictures\Desktop\Cyber_Traning\closer-speacer-detiction\.venv\Lib\site-packages\websockets\asyncio\server.py", line 376, in conn_handler
    await self.handler(connection)
          ~~~~~~~~~~~~^^^^^^^^^^^^
TypeError: WebSocketServer.handle_client() missing 1 required positional argument: 'path'
2025-08-20 14:20:08,725 - websockets.server - INFO - connection open
2025-08-20 14:20:08,726 - websockets.server - ERROR - connection handler failed
Traceback (most recent call last):
  File "C:\Users\LOQ\OneDrive\Pictures\Desktop\Cyber_Traning\closer-speacer-detiction\.venv\Lib\site-packages\websockets\asyncio\server.py", line 376, in conn_handler
    await self.handler(connection)
          ~~~~~~~~~~~~^^^^^^^^^^^^
TypeError: WebSocketServer.handle_client() missing 1 required positional argument: 'path'
2025-08-20 14:20:09,376 - websockets.server - INFO - connection open
2025-08-20 14:20:09,376 - websockets.server - ERROR - connection handler failed
Traceback (most recent call last):
  File "C:\Users\LOQ\OneDrive\Pictures\Desktop\Cyber_Traning\closer-speacer-detiction\.venv\Lib\site-packages\websockets\asyncio\server.py", line 376, in conn_handler
    await self.handler(connection)
          ~~~~~~~~~~~~^^^^^^^^^^^^
TypeError: WebSocketServer.handle_client() missing 1 required positional argument: 'path'
2025-08-20 14:20:09,903 - websockets.server - INFO - connection open
2025-08-20 14:20:09,903 - websockets.server - ERROR - connection handler failed
Traceback (most recent call last):
  File "C:\Users\LOQ\OneDrive\Pictures\Desktop\Cyber_Traning\closer-speacer-detiction\.venv\Lib\site-packages\websockets\asyncio\server.py", line 376, in conn_handler
    await self.handler(connection)
          ~~~~~~~~~~~~^^^^^^^^^^^^
TypeError: WebSocketServer.handle_client() missing 1 required positional argument: 'path'
2025-08-20 14:20:10,737 - websockets.server - INFO - connection open
2025-08-20 14:20:10,737 - websockets.server - ERROR - connection handler failed
Traceback (most recent call last):
  File "C:\Users\LOQ\OneDrive\Pictures\Desktop\Cyber_Traning\closer-speacer-detiction\.venv\Lib\site-packages\websockets\asyncio\server.py", line 376, in conn_handler
    await self.handler(connection)
          ~~~~~~~~~~~~^^^^^^^^^^^^
TypeError: WebSocketServer.handle_client() missing 1 required positional argument: 'path'
2025-08-20 14:20:11,389 - websockets.server - INFO - connection open
2025-08-20 14:20:11,390 - websockets.server - ERROR - connection handler failed
Traceback (most recent call last):
  File "C:\Users\LOQ\OneDrive\Pictures\Desktop\Cyber_Traning\closer-speacer-detiction\.venv\Lib\site-packages\websockets\asyncio\server.py", line 376, in conn_handler
    await self.handler(connection)
          ~~~~~~~~~~~~^^^^^^^^^^^^
TypeError: WebSocketServer.handle_client() missing 1 required positional argument: 'path'
2025-08-20 14:20:11,918 - websockets.server - INFO - connection open
2025-08-20 14:20:11,919 - websockets.server - ERROR - connection handler failed
Traceback (most recent call last):
  File "C:\Users\LOQ\OneDrive\Pictures\Desktop\Cyber_Traning\closer-speacer-detiction\.venv\Lib\site-packages\websockets\asyncio\server.py", line 376, in conn_handler
    await self.handler(connection)
          ~~~~~~~~~~~~^^^^^^^^^^^^
TypeError: WebSocketServer.handle_client() missing 1 required positional argument: 'path'
2025-08-20 14:20:12,746 - websockets.server - INFO - connection open
2025-08-20 14:20:12,747 - websockets.server - ERROR - connection handler failed
Traceback (most recent call last):
  File "C:\Users\LOQ\OneDrive\Pictures\Desktop\Cyber_Traning\closer-speacer-detiction\.venv\Lib\site-packages\websockets\asyncio\server.py", line 376, in conn_handler
    await self.handler(connection)
          ~~~~~~~~~~~~^^^^^^^^^^^^
TypeError: WebSocketServer.handle_client() missing 1 required positional argument: 'path'
2025-08-20 14:20:13,403 - websockets.server - INFO - connection open
2025-08-20 14:20:13,404 - websockets.server - ERROR - connection handler failed
Traceback (most recent call last):
  File "C:\Users\LOQ\OneDrive\Pictures\Desktop\Cyber_Traning\closer-speacer-detiction\.venv\Lib\site-packages\websockets\asyncio\server.py", line 376, in conn_handler
    await self.handler(connection)
          ~~~~~~~~~~~~^^^^^^^^^^^^
TypeError: WebSocketServer.handle_client() missing 1 required positional argument: 'path'
2025-08-20 14:20:13,930 - websockets.server - INFO - connection open
2025-08-20 14:20:13,931 - websockets.server - ERROR - connection handler failed
Traceback (most recent call last):
  File "C:\Users\LOQ\OneDrive\Pictures\Desktop\Cyber_Traning\closer-speacer-detiction\.venv\Lib\site-packages\websockets\asyncio\server.py", line 376, in conn_handler
    await self.handler(connection)
          ~~~~~~~~~~~~^^^^^^^^^^^^
TypeError: WebSocketServer.handle_client() missing 1 required positional argument: 'path'
2025-08-20 14:20:14,757 - websockets.server - INFO - connection open
2025-08-20 14:20:14,757 - websockets.server - ERROR - connection handler failed
Traceback (most recent call last):
  File "C:\Users\LOQ\OneDrive\Pictures\Desktop\Cyber_Traning\closer-speacer-detiction\.venv\Lib\site-packages\websockets\asyncio\server.py", line 376, in conn_handler
    await self.handler(connection)
          ~~~~~~~~~~~~^^^^^^^^^^^^
TypeError: WebSocketServer.handle_client() missing 1 required positional argument: 'path'
2025-08-20 14:20:15,416 - websockets.server - INFO - connection open
2025-08-20 14:20:15,416 - websockets.server - ERROR - connection handler failed
Traceback (most recent call last):
  File "C:\Users\LOQ\OneDrive\Pictures\Desktop\Cyber_Traning\closer-speacer-detiction\.venv\Lib\site-packages\websockets\asyncio\server.py", line 376, in conn_handler
    await self.handler(connection)
          ~~~~~~~~~~~~^^^^^^^^^^^^
TypeError: WebSocketServer.handle_client() missing 1 required positional argument: 'path'
2025-08-20 14:20:15,947 - websockets.server - INFO - connection open
2025-08-20 14:20:15,948 - websockets.server - ERROR - connection handler failed
Traceback (most recent call last):
  File "C:\Users\LOQ\OneDrive\Pictures\Desktop\Cyber_Traning\closer-speacer-detiction\.venv\Lib\site-packages\websockets\asyncio\server.py", line 376, in conn_handler
    await self.handler(connection)
          ~~~~~~~~~~~~^^^^^^^^^^^^
TypeError: WebSocketServer.handle_client() missing 1 required positional argument: 'path'
2025-08-20 14:20:16,770 - websockets.server - INFO - connection open
2025-08-20 14:20:16,771 - websockets.server - ERROR - connection handler failed
Traceback (most recent call last):
  File "C:\Users\LOQ\OneDrive\Pictures\Desktop\Cyber_Traning\closer-speacer-detiction\.venv\Lib\site-packages\websockets\asyncio\server.py", line 376, in conn_handler
    await self.handler(connection)
          ~~~~~~~~~~~~^^^^^^^^^^^^
TypeError: WebSocketServer.handle_client() missing 1 required positional argument: 'path'
2025-08-20 14:20:17,424 - websockets.server - INFO - connection open
2025-08-20 14:20:17,425 - websockets.server - ERROR - connection handler failed
Traceback (most recent call last):
  File "C:\Users\LOQ\OneDrive\Pictures\Desktop\Cyber_Traning\closer-speacer-detiction\.venv\Lib\site-packages\websockets\asyncio\server.py", line 376, in conn_handler
    await self.handler(connection)
          ~~~~~~~~~~~~^^^^^^^^^^^^
TypeError: WebSocketServer.handle_client() missing 1 required positional argument: 'path'
2025-08-20 14:20:17,965 - websockets.server - INFO - connection open
2025-08-20 14:20:17,965 - websockets.server - ERROR - connection handler failed
Traceback (most recent call last):
  File "C:\Users\LOQ\OneDrive\Pictures\Desktop\Cyber_Traning\closer-speacer-detiction\.venv\Lib\site-packages\websockets\asyncio\server.py", line 376, in conn_handler
    await self.handler(connection)
          ~~~~~~~~~~~~^^^^^^^^^^^^
TypeError: WebSocketServer.handle_client() missing 1 required positional argument: 'path'
2025-08-20 14:20:18,785 - websockets.server - INFO - connection open
2025-08-20 14:20:18,785 - websockets.server - ERROR - connection handler failed
Traceback (most recent call last):
  File "C:\Users\LOQ\OneDrive\Pictures\Desktop\Cyber_Traning\closer-speacer-detiction\.venv\Lib\site-packages\websockets\asyncio\server.py", line 376, in conn_handler
    await self.handler(connection)
          ~~~~~~~~~~~~^^^^^^^^^^^^
TypeError: WebSocketServer.handle_client() missing 1 required positional argument: 'path'
2025-08-20 14:20:19,444 - websockets.server - INFO - connection open
2025-08-20 14:20:19,445 - websockets.server - ERROR - connection handler failed
Traceback (most recent call last):
  File "C:\Users\LOQ\OneDrive\Pictures\Desktop\Cyber_Traning\closer-speacer-detiction\.venv\Lib\site-packages\websockets\asyncio\server.py", line 376, in conn_handler
    await self.handler(connection)
          ~~~~~~~~~~~~^^^^^^^^^^^^
TypeError: WebSocketServer.handle_client() missing 1 required positional argument: 'path'
2025-08-20 14:20:19,979 - websockets.server - INFO - connection open
2025-08-20 14:20:19,979 - websockets.server - ERROR - connection handler failed
Traceback (most recent call last):
  File "C:\Users\LOQ\OneDrive\Pictures\Desktop\Cyber_Traning\closer-speacer-detiction\.venv\Lib\site-packages\websockets\asyncio\server.py", line 376, in conn_handler
    await self.handler(connection)
          ~~~~~~~~~~~~^^^^^^^^^^^^
TypeError: WebSocketServer.handle_client() missing 1 required positional argument: 'path'
2025-08-20 14:20:20,811 - websockets.server - INFO - connection open
2025-08-20 14:20:20,811 - websockets.server - ERROR - connection handler failed
Traceback (most recent call last):
  File "C:\Users\LOQ\OneDrive\Pictures\Desktop\Cyber_Traning\closer-speacer-detiction\.venv\Lib\site-packages\websockets\asyncio\server.py", line 376, in conn_handler
    await self.handler(connection)
          ~~~~~~~~~~~~^^^^^^^^^^^^
TypeError: WebSocketServer.handle_client() missing 1 required positional argument: 'path'
2025-08-20 14:20:21,457 - websockets.server - INFO - connection open
2025-08-20 14:20:21,457 - websockets.server - ERROR - connection handler failed
Traceback (most recent call last):
  File "C:\Users\LOQ\OneDrive\Pictures\Desktop\Cyber_Traning\closer-speacer-detiction\.venv\Lib\site-packages\websockets\asyncio\server.py", line 376, in conn_handler
    await self.handler(connection)
          ~~~~~~~~~~~~^^^^^^^^^^^^
TypeError: WebSocketServer.handle_client() missing 1 required positional argument: 'path'
2025-08-20 14:20:21,990 - websockets.server - INFO - connection open
2025-08-20 14:20:21,992 - websockets.server - ERROR - connection handler failed
Traceback (most recent call last):
  File "C:\Users\LOQ\OneDrive\Pictures\Desktop\Cyber_Traning\closer-speacer-detiction\.venv\Lib\site-packages\websockets\asyncio\server.py", line 376, in conn_handler
    await self.handler(connection)
          ~~~~~~~~~~~~^^^^^^^^^^^^
TypeError: WebSocketServer.handle_client() missing 1 required positional argument: 'path'
2025-08-20 14:20:22,824 - websockets.server - INFO - connection open
2025-08-20 14:20:22,825 - websockets.server - ERROR - connection handler failed
Traceback (most recent call last):
  File "C:\Users\LOQ\OneDrive\Pictures\Desktop\Cyber_Traning\closer-speacer-detiction\.venv\Lib\site-packages\websockets\asyncio\server.py", line 376, in conn_handler
    await self.handler(connection)
          ~~~~~~~~~~~~^^^^^^^^^^^^
TypeError: WebSocketServer.handle_client() missing 1 required positional argument: 'path'
2025-08-20 14:20:23,464 - websockets.server - INFO - connection open
2025-08-20 14:20:23,465 - websockets.server - ERROR - connection handler failed
Traceback (most recent call last):
  File "C:\Users\LOQ\OneDrive\Pictures\Desktop\Cyber_Traning\closer-speacer-detiction\.venv\Lib\site-packages\websockets\asyncio\server.py", line 376, in conn_handler
    await self.handler(connection)
          ~~~~~~~~~~~~^^^^^^^^^^^^
TypeError: WebSocketServer.handle_client() missing 1 required positional argument: 'path'
2025-08-20 14:20:23,998 - websockets.server - INFO - connection open
2025-08-20 14:20:23,998 - websockets.server - ERROR - connection handler failed
Traceback (most recent call last):
  File "C:\Users\LOQ\OneDrive\Pictures\Desktop\Cyber_Traning\closer-speacer-detiction\.venv\Lib\site-packages\websockets\asyncio\server.py", line 376, in conn_handler
    await self.handler(connection)
          ~~~~~~~~~~~~^^^^^^^^^^^^
TypeError: WebSocketServer.handle_client() missing 1 required positional argument: 'path'
2025-08-20 14:20:24,832 - websockets.server - INFO - connection open
2025-08-20 14:20:24,833 - websockets.server - ERROR - connection handler failed
Traceback (most recent call last):
  File "C:\Users\LOQ\OneDrive\Pictures\Desktop\Cyber_Traning\closer-speacer-detiction\.venv\Lib\site-packages\websockets\asyncio\server.py", line 376, in conn_handler
    await self.handler(connection)
          ~~~~~~~~~~~~^^^^^^^^^^^^
TypeError: WebSocketServer.handle_client() missing 1 required positional argument: 'path'
2025-08-20 14:20:25,478 - websockets.server - INFO - connection open
2025-08-20 14:20:25,478 - websockets.server - ERROR - connection handler failed
Traceback (most recent call last):
  File "C:\Users\LOQ\OneDrive\Pictures\Desktop\Cyber_Traning\closer-speacer-detiction\.venv\Lib\site-packages\websockets\asyncio\server.py", line 376, in conn_handler
    await self.handler(connection)
          ~~~~~~~~~~~~^^^^^^^^^^^^
TypeError: WebSocketServer.handle_client() missing 1 required positional argument: 'path'
2025-08-20 14:20:26,005 - websockets.server - INFO - connection open
2025-08-20 14:20:26,006 - websockets.server - ERROR - connection handler failed
Traceback (most recent call last):
  File "C:\Users\LOQ\OneDrive\Pictures\Desktop\Cyber_Traning\closer-speacer-detiction\.venv\Lib\site-packages\websockets\asyncio\server.py", line 376, in conn_handler
    await self.handler(connection)
          ~~~~~~~~~~~~^^^^^^^^^^^^
TypeError: WebSocketServer.handle_client() missing 1 required positional argument: 'path'
2025-08-20 14:20:26,845 - websockets.server - INFO - connection open
2025-08-20 14:20:26,846 - websockets.server - ERROR - connection handler failed
Traceback (most recent call last):
  File "C:\Users\LOQ\OneDrive\Pictures\Desktop\Cyber_Traning\closer-speacer-detiction\.venv\Lib\site-packages\websockets\asyncio\server.py", line 376, in conn_handler
    await self.handler(connection)
          ~~~~~~~~~~~~^^^^^^^^^^^^
TypeError: WebSocketServer.handle_client() missing 1 required positional argument: 'path'
2025-08-20 14:20:27,492 - websockets.server - INFO - connection open
2025-08-20 14:20:27,493 - websockets.server - ERROR - connection handler failed
Traceback (most recent call last):
  File "C:\Users\LOQ\OneDrive\Pictures\Desktop\Cyber_Traning\closer-speacer-detiction\.venv\Lib\site-packages\websockets\asyncio\server.py", line 376, in conn_handler
    await self.handler(connection)
          ~~~~~~~~~~~~^^^^^^^^^^^^
TypeError: WebSocketServer.handle_client() missing 1 required positional argument: 'path'
2025-08-20 14:20:28,019 - websockets.server - INFO - connection open
2025-08-20 14:20:28,019 - websockets.server - ERROR - connection handler failed
Traceback (most recent call last):
  File "C:\Users\LOQ\OneDrive\Pictures\Desktop\Cyber_Traning\closer-speacer-detiction\.venv\Lib\site-packages\websockets\asyncio\server.py", line 376, in conn_handler
    await self.handler(connection)
          ~~~~~~~~~~~~^^^^^^^^^^^^
TypeError: WebSocketServer.handle_client() missing 1 required positional argument: 'path'
2025-08-20 14:20:28,852 - websockets.server - INFO - connection open
2025-08-20 14:20:28,853 - websockets.server - ERROR - connection handler failed
Traceback (most recent call last):
  File "C:\Users\LOQ\OneDrive\Pictures\Desktop\Cyber_Traning\closer-speacer-detiction\.venv\Lib\site-packages\websockets\asyncio\server.py", line 376, in conn_handler
    await self.handler(connection)
          ~~~~~~~~~~~~^^^^^^^^^^^^
TypeError: WebSocketServer.handle_client() missing 1 required positional argument: 'path'
2025-08-20 14:20:29,502 - websockets.server - INFO - connection open
2025-08-20 14:20:29,502 - websockets.server - ERROR - connection handler failed
Traceback (most recent call last):
  File "C:\Users\LOQ\OneDrive\Pictures\Desktop\Cyber_Traning\closer-speacer-detiction\.venv\Lib\site-packages\websockets\asyncio\server.py", line 376, in conn_handler
    await self.handler(connection)
          ~~~~~~~~~~~~^^^^^^^^^^^^
TypeError: WebSocketServer.handle_client() missing 1 required positional argument: 'path'
2025-08-20 14:20:30,037 - websockets.server - INFO - connection open
2025-08-20 14:20:30,037 - websockets.server - ERROR - connection handler failed
Traceback (most recent call last):
  File "C:\Users\LOQ\OneDrive\Pictures\Desktop\Cyber_Traning\closer-speacer-detiction\.venv\Lib\site-packages\websockets\asyncio\server.py", line 376, in conn_handler
    await self.handler(connection)
          ~~~~~~~~~~~~^^^^^^^^^^^^
TypeError: WebSocketServer.handle_client() missing 1 required positional argument: 'path'
2025-08-20 14:20:30,861 - websockets.server - INFO - connection open
2025-08-20 14:20:30,862 - websockets.server - ERROR - connection handler failed
Traceback (most recent call last):
  File "C:\Users\LOQ\OneDrive\Pictures\Desktop\Cyber_Traning\closer-speacer-detiction\.venv\Lib\site-packages\websockets\asyncio\server.py", line 376, in conn_handler
    await self.handler(connection)
          ~~~~~~~~~~~~^^^^^^^^^^^^
TypeError: WebSocketServer.handle_client() missing 1 required positional argument: 'path'
2025-08-20 14:20:31,511 - websockets.server - INFO - connection open
2025-08-20 14:20:31,512 - websockets.server - ERROR - connection handler failed
Traceback (most recent call last):
  File "C:\Users\LOQ\OneDrive\Pictures\Desktop\Cyber_Traning\closer-speacer-detiction\.venv\Lib\site-packages\websockets\asyncio\server.py", line 376, in conn_handler
    await self.handler(connection)
          ~~~~~~~~~~~~^^^^^^^^^^^^
TypeError: WebSocketServer.handle_client() missing 1 required positional argument: 'path'
2025-08-20 14:20:32,055 - websockets.server - INFO - connection open
2025-08-20 14:20:32,056 - websockets.server - ERROR - connection handler failed
Traceback (most recent call last):
  File "C:\Users\LOQ\OneDrive\Pictures\Desktop\Cyber_Traning\closer-speacer-detiction\.venv\Lib\site-packages\websockets\asyncio\server.py", line 376, in conn_handler
    await self.handler(connection)
          ~~~~~~~~~~~~^^^^^^^^^^^^
TypeError: WebSocketServer.handle_client() missing 1 required positional argument: 'path'
2025-08-20 14:20:32,875 - websockets.server - INFO - connection open
2025-08-20 14:20:32,875 - websockets.server - ERROR - connection handler failed
Traceback (most recent call last):
  File "C:\Users\LOQ\OneDrive\Pictures\Desktop\Cyber_Traning\closer-speacer-detiction\.venv\Lib\site-packages\websockets\asyncio\server.py", line 376, in conn_handler
    await self.handler(connection)
          ~~~~~~~~~~~~^^^^^^^^^^^^
TypeError: WebSocketServer.handle_client() missing 1 required positional argument: 'path'
2025-08-20 14:20:33,526 - websockets.server - INFO - connection open
2025-08-20 14:20:33,526 - websockets.server - ERROR - connection handler failed
Traceback (most recent call last):
  File "C:\Users\LOQ\OneDrive\Pictures\Desktop\Cyber_Traning\closer-speacer-detiction\.venv\Lib\site-packages\websockets\asyncio\server.py", line 376, in conn_handler
    await self.handler(connection)
          ~~~~~~~~~~~~^^^^^^^^^^^^
TypeError: WebSocketServer.handle_client() missing 1 required positional argument: 'path'
2025-08-20 14:20:34,063 - websockets.server - INFO - connection open
2025-08-20 14:20:34,064 - websockets.server - ERROR - connection handler failed
Traceback (most recent call last):
  File "C:\Users\LOQ\OneDrive\Pictures\Desktop\Cyber_Traning\closer-speacer-detiction\.venv\Lib\site-packages\websockets\asyncio\server.py", line 376, in conn_handler
    await self.handler(connection)
          ~~~~~~~~~~~~^^^^^^^^^^^^
TypeError: WebSocketServer.handle_client() missing 1 required positional argument: 'path'
2025-08-20 14:20:34,886 - websockets.server - INFO - connection open
2025-08-20 14:20:34,886 - websockets.server - ERROR - connection handler failed
Traceback (most recent call last):
  File "C:\Users\LOQ\OneDrive\Pictures\Desktop\Cyber_Traning\closer-speacer-detiction\.venv\Lib\site-packages\websockets\asyncio\server.py", line 376, in conn_handler
    await self.handler(connection)
          ~~~~~~~~~~~~^^^^^^^^^^^^
TypeError: WebSocketServer.handle_client() missing 1 required positional argument: 'path'
2025-08-20 14:20:35,533 - websockets.server - INFO - connection open
2025-08-20 14:20:35,534 - websockets.server - ERROR - connection handler failed
Traceback (most recent call last):
  File "C:\Users\LOQ\OneDrive\Pictures\Desktop\Cyber_Traning\closer-speacer-detiction\.venv\Lib\site-packages\websockets\asyncio\server.py", line 376, in conn_handler
    await self.handler(connection)
          ~~~~~~~~~~~~^^^^^^^^^^^^
TypeError: WebSocketServer.handle_client() missing 1 required positional argument: 'path'
2025-08-20 14:20:36,074 - websockets.server - INFO - connection open
2025-08-20 14:20:36,075 - websockets.server - ERROR - connection handler failed
Traceback (most recent call last):
  File "C:\Users\LOQ\OneDrive\Pictures\Desktop\Cyber_Traning\closer-speacer-detiction\.venv\Lib\site-packages\websockets\asyncio\server.py", line 376, in conn_handler
    await self.handler(connection)
          ~~~~~~~~~~~~^^^^^^^^^^^^
TypeError: WebSocketServer.handle_client() missing 1 required positional argument: 'path'
2025-08-20 14:20:36,893 - websockets.server - INFO - connection open
2025-08-20 14:20:36,894 - websockets.server - ERROR - connection handler failed
Traceback (most recent call last):
  File "C:\Users\LOQ\OneDrive\Pictures\Desktop\Cyber_Traning\closer-speacer-detiction\.venv\Lib\site-packages\websockets\asyncio\server.py", line 376, in conn_handler
    await self.handler(connection)
          ~~~~~~~~~~~~^^^^^^^^^^^^
TypeError: WebSocketServer.handle_client() missing 1 required positional argument: 'path'
2025-08-20 14:20:37,547 - websockets.server - INFO - connection open
2025-08-20 14:20:37,547 - websockets.server - ERROR - connection handler failed
Traceback (most recent call last):
  File "C:\Users\LOQ\OneDrive\Pictures\Desktop\Cyber_Traning\closer-speacer-detiction\.venv\Lib\site-packages\websockets\asyncio\server.py", line 376, in conn_handler
    await self.handler(connection)
          ~~~~~~~~~~~~^^^^^^^^^^^^
TypeError: WebSocketServer.handle_client() missing 1 required positional argument: 'path'
2025-08-20 14:20:38,096 - websockets.server - INFO - connection open
2025-08-20 14:20:38,097 - websockets.server - ERROR - connection handler failed
Traceback (most recent call last):
  File "C:\Users\LOQ\OneDrive\Pictures\Desktop\Cyber_Traning\closer-speacer-detiction\.venv\Lib\site-packages\websockets\asyncio\server.py", line 376, in conn_handler
    await self.handler(connection)
          ~~~~~~~~~~~~^^^^^^^^^^^^
TypeError: WebSocketServer.handle_client() missing 1 required positional argument: 'path'
2025-08-20 14:20:38,912 - websockets.server - INFO - connection open
2025-08-20 14:20:38,912 - websockets.server - ERROR - connection handler failed
Traceback (most recent call last):
  File "C:\Users\LOQ\OneDrive\Pictures\Desktop\Cyber_Traning\closer-speacer-detiction\.venv\Lib\site-packages\websockets\asyncio\server.py", line 376, in conn_handler
    await self.handler(connection)
          ~~~~~~~~~~~~^^^^^^^^^^^^
TypeError: WebSocketServer.handle_client() missing 1 required positional argument: 'path'
2025-08-20 14:20:39,561 - websockets.server - INFO - connection open
2025-08-20 14:20:39,562 - websockets.server - ERROR - connection handler failed
Traceback (most recent call last):
  File "C:\Users\LOQ\OneDrive\Pictures\Desktop\Cyber_Traning\closer-speacer-detiction\.venv\Lib\site-packages\websockets\asyncio\server.py", line 376, in conn_handler
    await self.handler(connection)
          ~~~~~~~~~~~~^^^^^^^^^^^^
TypeError: WebSocketServer.handle_client() missing 1 required positional argument: 'path'
2025-08-20 14:20:40,108 - websockets.server - INFO - connection open
2025-08-20 14:20:40,109 - websockets.server - ERROR - connection handler failed
Traceback (most recent call last):
  File "C:\Users\LOQ\OneDrive\Pictures\Desktop\Cyber_Traning\closer-speacer-detiction\.venv\Lib\site-packages\websockets\asyncio\server.py", line 376, in conn_handler
    await self.handler(connection)
          ~~~~~~~~~~~~^^^^^^^^^^^^
TypeError: WebSocketServer.handle_client() missing 1 required positional argument: 'path'
2025-08-20 14:20:40,933 - websockets.server - INFO - connection open
2025-08-20 14:20:40,933 - websockets.server - ERROR - connection handler failed
Traceback (most recent call last):
  File "C:\Users\LOQ\OneDrive\Pictures\Desktop\Cyber_Traning\closer-speacer-detiction\.venv\Lib\site-packages\websockets\asyncio\server.py", line 376, in conn_handler
    await self.handler(connection)
          ~~~~~~~~~~~~^^^^^^^^^^^^
TypeError: WebSocketServer.handle_client() missing 1 required positional argument: 'path'
2025-08-20 14:20:41,578 - websockets.server - INFO - connection open
2025-08-20 14:20:41,578 - websockets.server - ERROR - connection handler failed
Traceback (most recent call last):
  File "C:\Users\LOQ\OneDrive\Pictures\Desktop\Cyber_Traning\closer-speacer-detiction\.venv\Lib\site-packages\websockets\asyncio\server.py", line 376, in conn_handler
    await self.handler(connection)
          ~~~~~~~~~~~~^^^^^^^^^^^^
TypeError: WebSocketServer.handle_client() missing 1 required positional argument: 'path'
2025-08-20 14:20:42,122 - websockets.server - INFO - connection open
2025-08-20 14:20:42,123 - websockets.server - ERROR - connection handler failed
Traceback (most recent call last):
  File "C:\Users\LOQ\OneDrive\Pictures\Desktop\Cyber_Traning\closer-speacer-detiction\.venv\Lib\site-packages\websockets\asyncio\server.py", line 376, in conn_handler
    await self.handler(connection)
          ~~~~~~~~~~~~^^^^^^^^^^^^
TypeError: WebSocketServer.handle_client() missing 1 required positional argument: 'path'
2025-08-20 14:20:42,956 - websockets.server - INFO - connection open
2025-08-20 14:20:42,957 - websockets.server - ERROR - connection handler failed
Traceback (most recent call last):
  File "C:\Users\LOQ\OneDrive\Pictures\Desktop\Cyber_Traning\closer-speacer-detiction\.venv\Lib\site-packages\websockets\asyncio\server.py", line 376, in conn_handler
    await self.handler(connection)
          ~~~~~~~~~~~~^^^^^^^^^^^^
TypeError: WebSocketServer.handle_client() missing 1 required positional argument: 'path'
2025-08-20 14:20:43,586 - websockets.server - INFO - connection open
2025-08-20 14:20:43,587 - websockets.server - ERROR - connection handler failed
Traceback (most recent call last):
  File "C:\Users\LOQ\OneDrive\Pictures\Desktop\Cyber_Traning\closer-speacer-detiction\.venv\Lib\site-packages\websockets\asyncio\server.py", line 376, in conn_handler
    await self.handler(connection)
          ~~~~~~~~~~~~^^^^^^^^^^^^
TypeError: WebSocketServer.handle_client() missing 1 required positional argument: 'path'
2025-08-20 14:20:44,139 - websockets.server - INFO - connection open
2025-08-20 14:20:44,140 - websockets.server - ERROR - connection handler failed
Traceback (most recent call last):
  File "C:\Users\LOQ\OneDrive\Pictures\Desktop\Cyber_Traning\closer-speacer-detiction\.venv\Lib\site-packages\websockets\asyncio\server.py", line 376, in conn_handler
    await self.handler(connection)
          ~~~~~~~~~~~~^^^^^^^^^^^^
TypeError: WebSocketServer.handle_client() missing 1 required positional argument: 'path'
2025-08-20 14:20:44,978 - websockets.server - INFO - connection open
2025-08-20 14:20:44,979 - websockets.server - ERROR - connection handler failed
Traceback (most recent call last):
  File "C:\Users\LOQ\OneDrive\Pictures\Desktop\Cyber_Traning\closer-speacer-detiction\.venv\Lib\site-packages\websockets\asyncio\server.py", line 376, in conn_handler
    await self.handler(connection)
          ~~~~~~~~~~~~^^^^^^^^^^^^
TypeError: WebSocketServer.handle_client() missing 1 required positional argument: 'path'
2025-08-20 14:20:45,601 - websockets.server - INFO - connection open
2025-08-20 14:20:45,601 - websockets.server - ERROR - connection handler failed
Traceback (most recent call last):
  File "C:\Users\LOQ\OneDrive\Pictures\Desktop\Cyber_Traning\closer-speacer-detiction\.venv\Lib\site-packages\websockets\asyncio\server.py", line 376, in conn_handler
    await self.handler(connection)
          ~~~~~~~~~~~~^^^^^^^^^^^^
TypeError: WebSocketServer.handle_client() missing 1 required positional argument: 'path'
2025-08-20 14:20:46,161 - websockets.server - INFO - connection open
2025-08-20 14:20:46,161 - websockets.server - ERROR - connection handler failed
Traceback (most recent call last):
  File "C:\Users\LOQ\OneDrive\Pictures\Desktop\Cyber_Traning\closer-speacer-detiction\.venv\Lib\site-packages\websockets\asyncio\server.py", line 376, in conn_handler
    await self.handler(connection)
          ~~~~~~~~~~~~^^^^^^^^^^^^
TypeError: WebSocketServer.handle_client() missing 1 required positional argument: 'path'
2025-08-20 14:20:46,996 - websockets.server - INFO - connection open
2025-08-20 14:20:46,997 - websockets.server - ERROR - connection handler failed
Traceback (most recent call last):
  File "C:\Users\LOQ\OneDrive\Pictures\Desktop\Cyber_Traning\closer-speacer-detiction\.venv\Lib\site-packages\websockets\asyncio\server.py", line 376, in conn_handler
    await self.handler(connection)
          ~~~~~~~~~~~~^^^^^^^^^^^^
TypeError: WebSocketServer.handle_client() missing 1 required positional argument: 'path'
2025-08-20 14:20:47,610 - websockets.server - INFO - connection open
2025-08-20 14:20:47,611 - websockets.server - ERROR - connection handler failed
Traceback (most recent call last):
  File "C:\Users\LOQ\OneDrive\Pictures\Desktop\Cyber_Traning\closer-speacer-detiction\.venv\Lib\site-packages\websockets\asyncio\server.py", line 376, in conn_handler
    await self.handler(connection)
          ~~~~~~~~~~~~^^^^^^^^^^^^
TypeError: WebSocketServer.handle_client() missing 1 required positional argument: 'path'
2025-08-20 14:20:48,169 - websockets.server - INFO - connection open
2025-08-20 14:20:48,170 - websockets.server - ERROR - connection handler failed
Traceback (most recent call last):
  File "C:\Users\LOQ\OneDrive\Pictures\Desktop\Cyber_Traning\closer-speacer-detiction\.venv\Lib\site-packages\websockets\asyncio\server.py", line 376, in conn_handler
    await self.handler(connection)
          ~~~~~~~~~~~~^^^^^^^^^^^^
TypeError: WebSocketServer.handle_client() missing 1 required positional argument: 'path'
2025-08-20 14:20:49,009 - websockets.server - INFO - connection open
2025-08-20 14:20:49,010 - websockets.server - ERROR - connection handler failed
Traceback (most recent call last):
  File "C:\Users\LOQ\OneDrive\Pictures\Desktop\Cyber_Traning\closer-speacer-detiction\.venv\Lib\site-packages\websockets\asyncio\server.py", line 376, in conn_handler
    await self.handler(connection)
          ~~~~~~~~~~~~^^^^^^^^^^^^
TypeError: WebSocketServer.handle_client() missing 1 required positional argument: 'path'
2025-08-20 14:20:49,628 - websockets.server - INFO - connection open
2025-08-20 14:20:49,629 - websockets.server - ERROR - connection handler failed
Traceback (most recent call last):
  File "C:\Users\LOQ\OneDrive\Pictures\Desktop\Cyber_Traning\closer-speacer-detiction\.venv\Lib\site-packages\websockets\asyncio\server.py", line 376, in conn_handler
    await self.handler(connection)
          ~~~~~~~~~~~~^^^^^^^^^^^^
TypeError: WebSocketServer.handle_client() missing 1 required positional argument: 'path'
2025-08-20 14:20:50,184 - websockets.server - INFO - connection open
2025-08-20 14:20:50,185 - websockets.server - ERROR - connection handler failed
Traceback (most recent call last):
  File "C:\Users\LOQ\OneDrive\Pictures\Desktop\Cyber_Traning\closer-speacer-detiction\.venv\Lib\site-packages\websockets\asyncio\server.py", line 376, in conn_handler
    await self.handler(connection)
          ~~~~~~~~~~~~^^^^^^^^^^^^
TypeError: WebSocketServer.handle_client() missing 1 required positional argument: 'path'
2025-08-20 14:20:51,024 - websockets.server - INFO - connection open
2025-08-20 14:20:51,025 - websockets.server - ERROR - connection handler failed
Traceback (most recent call last):
  File "C:\Users\LOQ\OneDrive\Pictures\Desktop\Cyber_Traning\closer-speacer-detiction\.venv\Lib\site-packages\websockets\asyncio\server.py", line 376, in conn_handler
    await self.handler(connection)
          ~~~~~~~~~~~~^^^^^^^^^^^^
TypeError: WebSocketServer.handle_client() missing 1 required positional argument: 'path'
2025-08-20 14:20:51,646 - websockets.server - INFO - connection open
2025-08-20 14:20:51,647 - websockets.server - ERROR - connection handler failed
Traceback (most recent call last):
  File "C:\Users\LOQ\OneDrive\Pictures\Desktop\Cyber_Traning\closer-speacer-detiction\.venv\Lib\site-packages\websockets\asyncio\server.py", line 376, in conn_handler
    await self.handler(connection)
          ~~~~~~~~~~~~^^^^^^^^^^^^
TypeError: WebSocketServer.handle_client() missing 1 required positional argument: 'path'
2025-08-20 14:20:52,194 - websockets.server - INFO - connection open
2025-08-20 14:20:52,194 - websockets.server - ERROR - connection handler failed
Traceback (most recent call last):
  File "C:\Users\LOQ\OneDrive\Pictures\Desktop\Cyber_Traning\closer-speacer-detiction\.venv\Lib\site-packages\websockets\asyncio\server.py", line 376, in conn_handler
    await self.handler(connection)
          ~~~~~~~~~~~~^^^^^^^^^^^^
TypeError: WebSocketServer.handle_client() missing 1 required positional argument: 'path'
2025-08-20 14:20:53,035 - websockets.server - INFO - connection open
2025-08-20 14:20:53,035 - websockets.server - ERROR - connection handler failed
Traceback (most recent call last):
  File "C:\Users\LOQ\OneDrive\Pictures\Desktop\Cyber_Traning\closer-speacer-detiction\.venv\Lib\site-packages\websockets\asyncio\server.py", line 376, in conn_handler
    await self.handler(connection)
          ~~~~~~~~~~~~^^^^^^^^^^^^
TypeError: WebSocketServer.handle_client() missing 1 required positional argument: 'path'
2025-08-20 14:20:53,656 - websockets.server - INFO - connection open
2025-08-20 14:20:53,656 - websockets.server - ERROR - connection handler failed
Traceback (most recent call last):
  File "C:\Users\LOQ\OneDrive\Pictures\Desktop\Cyber_Traning\closer-speacer-detiction\.venv\Lib\site-packages\websockets\asyncio\server.py", line 376, in conn_handler
    await self.handler(connection)
          ~~~~~~~~~~~~^^^^^^^^^^^^
TypeError: WebSocketServer.handle_client() missing 1 required positional argument: 'path'
2025-08-20 14:20:54,213 - websockets.server - INFO - connection open
2025-08-20 14:20:54,213 - websockets.server - ERROR - connection handler failed
Traceback (most recent call last):
  File "C:\Users\LOQ\OneDrive\Pictures\Desktop\Cyber_Traning\closer-speacer-detiction\.venv\Lib\site-packages\websockets\asyncio\server.py", line 376, in conn_handler
    await self.handler(connection)
          ~~~~~~~~~~~~^^^^^^^^^^^^
TypeError: WebSocketServer.handle_client() missing 1 required positional argument: 'path'
2025-08-20 14:20:55,046 - websockets.server - INFO - connection open
2025-08-20 14:20:55,046 - websockets.server - ERROR - connection handler failed
Traceback (most recent call last):
  File "C:\Users\LOQ\OneDrive\Pictures\Desktop\Cyber_Traning\closer-speacer-detiction\.venv\Lib\site-packages\websockets\asyncio\server.py", line 376, in conn_handler
    await self.handler(connection)
          ~~~~~~~~~~~~^^^^^^^^^^^^
TypeError: WebSocketServer.handle_client() missing 1 required positional argument: 'path'
2025-08-20 14:20:55,663 - websockets.server - INFO - connection open
2025-08-20 14:20:55,663 - websockets.server - ERROR - connection handler failed
Traceback (most recent call last):
  File "C:\Users\LOQ\OneDrive\Pictures\Desktop\Cyber_Traning\closer-speacer-detiction\.venv\Lib\site-packages\websockets\asyncio\server.py", line 376, in conn_handler
    await self.handler(connection)
          ~~~~~~~~~~~~^^^^^^^^^^^^
TypeError: WebSocketServer.handle_client() missing 1 required positional argument: 'path'
2025-08-20 14:20:56,223 - websockets.server - INFO - connection open
2025-08-20 14:20:56,223 - websockets.server - ERROR - connection handler failed
Traceback (most recent call last):
  File "C:\Users\LOQ\OneDrive\Pictures\Desktop\Cyber_Traning\closer-speacer-detiction\.venv\Lib\site-packages\websockets\asyncio\server.py", line 376, in conn_handler
    await self.handler(connection)
          ~~~~~~~~~~~~^^^^^^^^^^^^
TypeError: WebSocketServer.handle_client() missing 1 required positional argument: 'path'
2025-08-20 14:20:57,061 - websockets.server - INFO - connection open
2025-08-20 14:20:57,061 - websockets.server - ERROR - connection handler failed
Traceback (most recent call last):
  File "C:\Users\LOQ\OneDrive\Pictures\Desktop\Cyber_Traning\closer-speacer-detiction\.venv\Lib\site-packages\websockets\asyncio\server.py", line 376, in conn_handler
    await self.handler(connection)
          ~~~~~~~~~~~~^^^^^^^^^^^^
TypeError: WebSocketServer.handle_client() missing 1 required positional argument: 'path'
2025-08-20 14:20:57,677 - websockets.server - INFO - connection open
2025-08-20 14:20:57,678 - websockets.server - ERROR - connection handler failed
Traceback (most recent call last):
  File "C:\Users\LOQ\OneDrive\Pictures\Desktop\Cyber_Traning\closer-speacer-detiction\.venv\Lib\site-packages\websockets\asyncio\server.py", line 376, in conn_handler
    await self.handler(connection)
          ~~~~~~~~~~~~^^^^^^^^^^^^
TypeError: WebSocketServer.handle_client() missing 1 required positional argument: 'path'
2025-08-20 14:20:58,242 - websockets.server - INFO - connection open
2025-08-20 14:20:58,242 - websockets.server - ERROR - connection handler failed
Traceback (most recent call last):
  File "C:\Users\LOQ\OneDrive\Pictures\Desktop\Cyber_Traning\closer-speacer-detiction\.venv\Lib\site-packages\websockets\asyncio\server.py", line 376, in conn_handler
    await self.handler(connection)
          ~~~~~~~~~~~~^^^^^^^^^^^^
TypeError: WebSocketServer.handle_client() missing 1 required positional argument: 'path'
2025-08-20 14:20:59,072 - websockets.server - INFO - connection open
2025-08-20 14:20:59,073 - websockets.server - ERROR - connection handler failed
Traceback (most recent call last):
  File "C:\Users\LOQ\OneDrive\Pictures\Desktop\Cyber_Traning\closer-speacer-detiction\.venv\Lib\site-packages\websockets\asyncio\server.py", line 376, in conn_handler
    await self.handler(connection)
          ~~~~~~~~~~~~^^^^^^^^^^^^
TypeError: WebSocketServer.handle_client() missing 1 required positional argument: 'path'
2025-08-20 14:20:59,688 - websockets.server - INFO - connection open
2025-08-20 14:20:59,689 - websockets.server - ERROR - connection handler failed
Traceback (most recent call last):
  File "C:\Users\LOQ\OneDrive\Pictures\Desktop\Cyber_Traning\closer-speacer-detiction\.venv\Lib\site-packages\websockets\asyncio\server.py", line 376, in conn_handler
    await self.handler(connection)
          ~~~~~~~~~~~~^^^^^^^^^^^^
TypeError: WebSocketServer.handle_client() missing 1 required positional argument: 'path'
2025-08-20 14:21:00,262 - websockets.server - INFO - connection open
2025-08-20 14:21:00,262 - websockets.server - ERROR - connection handler failed
Traceback (most recent call last):
  File "C:\Users\LOQ\OneDrive\Pictures\Desktop\Cyber_Traning\closer-speacer-detiction\.venv\Lib\site-packages\websockets\asyncio\server.py", line 376, in conn_handler
    await self.handler(connection)
          ~~~~~~~~~~~~^^^^^^^^^^^^
TypeError: WebSocketServer.handle_client() missing 1 required positional argument: 'path'
2025-08-20 14:21:01,085 - websockets.server - INFO - connection open
2025-08-20 14:21:01,086 - websockets.server - ERROR - connection handler failed
Traceback (most recent call last):
  File "C:\Users\LOQ\OneDrive\Pictures\Desktop\Cyber_Traning\closer-speacer-detiction\.venv\Lib\site-packages\websockets\asyncio\server.py", line 376, in conn_handler
    await self.handler(connection)
          ~~~~~~~~~~~~^^^^^^^^^^^^
TypeError: WebSocketServer.handle_client() missing 1 required positional argument: 'path'
2025-08-20 14:21:01,697 - websockets.server - INFO - connection open
2025-08-20 14:21:01,698 - websockets.server - ERROR - connection handler failed
Traceback (most recent call last):
  File "C:\Users\LOQ\OneDrive\Pictures\Desktop\Cyber_Traning\closer-speacer-detiction\.venv\Lib\site-packages\websockets\asyncio\server.py", line 376, in conn_handler
    await self.handler(connection)
          ~~~~~~~~~~~~^^^^^^^^^^^^
TypeError: WebSocketServer.handle_client() missing 1 required positional argument: 'path'
2025-08-20 14:21:02,286 - websockets.server - INFO - connection open
2025-08-20 14:21:02,287 - websockets.server - ERROR - connection handler failed
Traceback (most recent call last):
  File "C:\Users\LOQ\OneDrive\Pictures\Desktop\Cyber_Traning\closer-speacer-detiction\.venv\Lib\site-packages\websockets\asyncio\server.py", line 376, in conn_handler
    await self.handler(connection)
          ~~~~~~~~~~~~^^^^^^^^^^^^
TypeError: WebSocketServer.handle_client() missing 1 required positional argument: 'path'
2025-08-20 14:21:03,869 - websockets.server - INFO - connection open
2025-08-20 14:21:03,871 - websockets.server - ERROR - connection handler failed
Traceback (most recent call last):
  File "C:\Users\LOQ\OneDrive\Pictures\Desktop\Cyber_Traning\closer-speacer-detiction\.venv\Lib\site-packages\websockets\asyncio\server.py", line 376, in conn_handler
    await self.handler(connection)
          ~~~~~~~~~~~~^^^^^^^^^^^^
TypeError: WebSocketServer.handle_client() missing 1 required positional argument: 'path'
2025-08-20 14:21:03,887 - websockets.server - INFO - connection open
2025-08-20 14:21:03,888 - websockets.server - ERROR - connection handler failed
Traceback (most recent call last):
  File "C:\Users\LOQ\OneDrive\Pictures\Desktop\Cyber_Traning\closer-speacer-detiction\.venv\Lib\site-packages\websockets\asyncio\server.py", line 376, in conn_handler
    await self.handler(connection)
          ~~~~~~~~~~~~^^^^^^^^^^^^
TypeError: WebSocketServer.handle_client() missing 1 required positional argument: 'path'
2025-08-20 14:21:04,864 - websockets.server - INFO - connection open
2025-08-20 14:21:04,865 - websockets.server - ERROR - connection handler failed
Traceback (most recent call last):
  File "C:\Users\LOQ\OneDrive\Pictures\Desktop\Cyber_Traning\closer-speacer-detiction\.venv\Lib\site-packages\websockets\asyncio\server.py", line 376, in conn_handler
    await self.handler(connection)
          ~~~~~~~~~~~~^^^^^^^^^^^^
TypeError: WebSocketServer.handle_client() missing 1 required positional argument: 'path'
2025-08-20 14:21:06,864 - websockets.server - INFO - connection open
2025-08-20 14:21:06,865 - websockets.server - ERROR - connection handler failed
Traceback (most recent call last):
  File "C:\Users\LOQ\OneDrive\Pictures\Desktop\Cyber_Traning\closer-speacer-detiction\.venv\Lib\site-packages\websockets\asyncio\server.py", line 376, in conn_handler
    await self.handler(connection)
          ~~~~~~~~~~~~^^^^^^^^^^^^
TypeError: WebSocketServer.handle_client() missing 1 required positional argument: 'path'
2025-08-20 14:21:06,876 - websockets.server - INFO - connection open
2025-08-20 14:21:06,877 - websockets.server - ERROR - connection handler failed
Traceback (most recent call last):
  File "C:\Users\LOQ\OneDrive\Pictures\Desktop\Cyber_Traning\closer-speacer-detiction\.venv\Lib\site-packages\websockets\asyncio\server.py", line 376, in conn_handler
    await self.handler(connection)
          ~~~~~~~~~~~~^^^^^^^^^^^^
TypeError: WebSocketServer.handle_client() missing 1 required positional argument: 'path'
2025-08-20 14:21:07,865 - websockets.server - INFO - connection open
2025-08-20 14:21:07,865 - websockets.server - ERROR - connection handler failed
Traceback (most recent call last):
  File "C:\Users\LOQ\OneDrive\Pictures\Desktop\Cyber_Traning\closer-speacer-detiction\.venv\Lib\site-packages\websockets\asyncio\server.py", line 376, in conn_handler
    await self.handler(connection)
          ~~~~~~~~~~~~^^^^^^^^^^^^
TypeError: WebSocketServer.handle_client() missing 1 required positional argument: 'path'
2025-08-20 14:21:09,874 - websockets.server - INFO - connection open
2025-08-20 14:21:09,875 - websockets.server - ERROR - connection handler failed
Traceback (most recent call last):
  File "C:\Users\LOQ\OneDrive\Pictures\Desktop\Cyber_Traning\closer-speacer-detiction\.venv\Lib\site-packages\websockets\asyncio\server.py", line 376, in conn_handler
    await self.handler(connection)
          ~~~~~~~~~~~~^^^^^^^^^^^^
TypeError: WebSocketServer.handle_client() missing 1 required positional argument: 'path'
2025-08-20 14:21:09,890 - websockets.server - INFO - connection open
2025-08-20 14:21:09,891 - websockets.server - ERROR - connection handler failed
Traceback (most recent call last):
  File "C:\Users\LOQ\OneDrive\Pictures\Desktop\Cyber_Traning\closer-speacer-detiction\.venv\Lib\site-packages\websockets\asyncio\server.py", line 376, in conn_handler
    await self.handler(connection)
          ~~~~~~~~~~~~^^^^^^^^^^^^
TypeError: WebSocketServer.handle_client() missing 1 required positional argument: 'path'
2025-08-20 14:21:10,863 - websockets.server - INFO - connection open
2025-08-20 14:21:10,864 - websockets.server - ERROR - connection handler failed
Traceback (most recent call last):
  File "C:\Users\LOQ\OneDrive\Pictures\Desktop\Cyber_Traning\closer-speacer-detiction\.venv\Lib\site-packages\websockets\asyncio\server.py", line 376, in conn_handler
    await self.handler(connection)
          ~~~~~~~~~~~~^^^^^^^^^^^^
TypeError: WebSocketServer.handle_client() missing 1 required positional argument: 'path'
2025-08-20 14:21:12,863 - websockets.server - INFO - connection open
2025-08-20 14:21:12,864 - websockets.server - ERROR - connection handler failed
Traceback (most recent call last):
  File "C:\Users\LOQ\OneDrive\Pictures\Desktop\Cyber_Traning\closer-speacer-detiction\.venv\Lib\site-packages\websockets\asyncio\server.py", line 376, in conn_handler
    await self.handler(connection)
          ~~~~~~~~~~~~^^^^^^^^^^^^
TypeError: WebSocketServer.handle_client() missing 1 required positional argument: 'path'
2025-08-20 14:21:12,878 - websockets.server - INFO - connection open
2025-08-20 14:21:12,878 - websockets.server - ERROR - connection handler failed
Traceback (most recent call last):
  File "C:\Users\LOQ\OneDrive\Pictures\Desktop\Cyber_Traning\closer-speacer-detiction\.venv\Lib\site-packages\websockets\asyncio\server.py", line 376, in conn_handler
    await self.handler(connection)
          ~~~~~~~~~~~~^^^^^^^^^^^^
TypeError: WebSocketServer.handle_client() missing 1 required positional argument: 'path'
2025-08-20 14:21:13,865 - websockets.server - INFO - connection open
2025-08-20 14:21:13,866 - websockets.server - ERROR - connection handler failed
Traceback (most recent call last):
  File "C:\Users\LOQ\OneDrive\Pictures\Desktop\Cyber_Traning\closer-speacer-detiction\.venv\Lib\site-packages\websockets\asyncio\server.py", line 376, in conn_handler
    await self.handler(connection)
          ~~~~~~~~~~~~^^^^^^^^^^^^
TypeError: WebSocketServer.handle_client() missing 1 required positional argument: 'path'
2025-08-20 14:21:14,875 - websockets.server - INFO - connection open
2025-08-20 14:21:14,875 - websockets.server - ERROR - connection handler failed
Traceback (most recent call last):
  File "C:\Users\LOQ\OneDrive\Pictures\Desktop\Cyber_Traning\closer-speacer-detiction\.venv\Lib\site-packages\websockets\asyncio\server.py", line 376, in conn_handler
    await self.handler(connection)
          ~~~~~~~~~~~~^^^^^^^^^^^^
TypeError: WebSocketServer.handle_client() missing 1 required positional argument: 'path'
2025-08-20 14:21:15,867 - websockets.server - INFO - connection open
2025-08-20 14:21:15,868 - websockets.server - ERROR - connection handler failed
Traceback (most recent call last):
  File "C:\Users\LOQ\OneDrive\Pictures\Desktop\Cyber_Traning\closer-speacer-detiction\.venv\Lib\site-packages\websockets\asyncio\server.py", line 376, in conn_handler
    await self.handler(connection)
          ~~~~~~~~~~~~^^^^^^^^^^^^
TypeError: WebSocketServer.handle_client() missing 1 required positional argument: 'path'
2025-08-20 14:21:16,864 - websockets.server - INFO - connection open
2025-08-20 14:21:16,865 - websockets.server - ERROR - connection handler failed
Traceback (most recent call last):
  File "C:\Users\LOQ\OneDrive\Pictures\Desktop\Cyber_Traning\closer-speacer-detiction\.venv\Lib\site-packages\websockets\asyncio\server.py", line 376, in conn_handler
    await self.handler(connection)
          ~~~~~~~~~~~~^^^^^^^^^^^^
TypeError: WebSocketServer.handle_client() missing 1 required positional argument: 'path'
2025-08-20 14:21:17,863 - websockets.server - INFO - connection open
2025-08-20 14:21:17,864 - websockets.server - ERROR - connection handler failed
Traceback (most recent call last):
  File "C:\Users\LOQ\OneDrive\Pictures\Desktop\Cyber_Traning\closer-speacer-detiction\.venv\Lib\site-packages\websockets\asyncio\server.py", line 376, in conn_handler
    await self.handler(connection)
          ~~~~~~~~~~~~^^^^^^^^^^^^
TypeError: WebSocketServer.handle_client() missing 1 required positional argument: 'path'
2025-08-20 14:21:18,875 - websockets.server - INFO - connection open
2025-08-20 14:21:18,876 - websockets.server - ERROR - connection handler failed
Traceback (most recent call last):
  File "C:\Users\LOQ\OneDrive\Pictures\Desktop\Cyber_Traning\closer-speacer-detiction\.venv\Lib\site-packages\websockets\asyncio\server.py", line 376, in conn_handler
    await self.handler(connection)
          ~~~~~~~~~~~~^^^^^^^^^^^^
TypeError: WebSocketServer.handle_client() missing 1 required positional argument: 'path'
2025-08-20 14:21:18,889 - websockets.server - INFO - connection open
2025-08-20 14:21:18,890 - websockets.server - ERROR - connection handler failed
Traceback (most recent call last):
  File "C:\Users\LOQ\OneDrive\Pictures\Desktop\Cyber_Traning\closer-speacer-detiction\.venv\Lib\site-packages\websockets\asyncio\server.py", line 376, in conn_handler
    await self.handler(connection)
          ~~~~~~~~~~~~^^^^^^^^^^^^
TypeError: WebSocketServer.handle_client() missing 1 required positional argument: 'path'
2025-08-20 14:21:20,868 - websockets.server - INFO - connection open
2025-08-20 14:21:20,868 - websockets.server - ERROR - connection handler failed
Traceback (most recent call last):
  File "C:\Users\LOQ\OneDrive\Pictures\Desktop\Cyber_Traning\closer-speacer-detiction\.venv\Lib\site-packages\websockets\asyncio\server.py", line 376, in conn_handler
    await self.handler(connection)
          ~~~~~~~~~~~~^^^^^^^^^^^^
TypeError: WebSocketServer.handle_client() missing 1 required positional argument: 'path'
2025-08-20 14:21:21,864 - websockets.server - INFO - connection open
2025-08-20 14:21:21,865 - websockets.server - ERROR - connection handler failed
Traceback (most recent call last):
  File "C:\Users\LOQ\OneDrive\Pictures\Desktop\Cyber_Traning\closer-speacer-detiction\.venv\Lib\site-packages\websockets\asyncio\server.py", line 376, in conn_handler
    await self.handler(connection)
          ~~~~~~~~~~~~^^^^^^^^^^^^
TypeError: WebSocketServer.handle_client() missing 1 required positional argument: 'path'
2025-08-20 14:21:21,877 - websockets.server - INFO - connection open
2025-08-20 14:21:21,877 - websockets.server - ERROR - connection handler failed
Traceback (most recent call last):
  File "C:\Users\LOQ\OneDrive\Pictures\Desktop\Cyber_Traning\closer-speacer-detiction\.venv\Lib\site-packages\websockets\asyncio\server.py", line 376, in conn_handler
    await self.handler(connection)
          ~~~~~~~~~~~~^^^^^^^^^^^^
TypeError: WebSocketServer.handle_client() missing 1 required positional argument: 'path'
2025-08-20 14:21:23,865 - websockets.server - INFO - connection open
2025-08-20 14:21:23,866 - websockets.server - ERROR - connection handler failed
Traceback (most recent call last):
  File "C:\Users\LOQ\OneDrive\Pictures\Desktop\Cyber_Traning\closer-speacer-detiction\.venv\Lib\site-packages\websockets\asyncio\server.py", line 376, in conn_handler
    await self.handler(connection)
          ~~~~~~~~~~~~^^^^^^^^^^^^
TypeError: WebSocketServer.handle_client() missing 1 required positional argument: 'path'
2025-08-20 14:21:24,878 - websockets.server - INFO - connection open
2025-08-20 14:21:24,879 - websockets.server - ERROR - connection handler failed
Traceback (most recent call last):
  File "C:\Users\LOQ\OneDrive\Pictures\Desktop\Cyber_Traning\closer-speacer-detiction\.venv\Lib\site-packages\websockets\asyncio\server.py", line 376, in conn_handler
    await self.handler(connection)
          ~~~~~~~~~~~~^^^^^^^^^^^^
TypeError: WebSocketServer.handle_client() missing 1 required positional argument: 'path'
2025-08-20 14:21:24,902 - websockets.server - INFO - connection open
2025-08-20 14:21:24,903 - websockets.server - ERROR - connection handler failed
Traceback (most recent call last):
  File "C:\Users\LOQ\OneDrive\Pictures\Desktop\Cyber_Traning\closer-speacer-detiction\.venv\Lib\site-packages\websockets\asyncio\server.py", line 376, in conn_handler
    await self.handler(connection)
          ~~~~~~~~~~~~^^^^^^^^^^^^
TypeError: WebSocketServer.handle_client() missing 1 required positional argument: 'path'
2025-08-20 14:21:26,862 - websockets.server - INFO - connection open
2025-08-20 14:21:26,863 - websockets.server - ERROR - connection handler failed
Traceback (most recent call last):
  File "C:\Users\LOQ\OneDrive\Pictures\Desktop\Cyber_Traning\closer-speacer-detiction\.venv\Lib\site-packages\websockets\asyncio\server.py", line 376, in conn_handler
    await self.handler(connection)
          ~~~~~~~~~~~~^^^^^^^^^^^^
TypeError: WebSocketServer.handle_client() missing 1 required positional argument: 'path'
2025-08-20 14:21:27,863 - websockets.server - INFO - connection open
2025-08-20 14:21:27,864 - websockets.server - ERROR - connection handler failed
Traceback (most recent call last):
  File "C:\Users\LOQ\OneDrive\Pictures\Desktop\Cyber_Traning\closer-speacer-detiction\.venv\Lib\site-packages\websockets\asyncio\server.py", line 376, in conn_handler
    await self.handler(connection)
          ~~~~~~~~~~~~^^^^^^^^^^^^
TypeError: WebSocketServer.handle_client() missing 1 required positional argument: 'path'
2025-08-20 14:21:27,878 - websockets.server - INFO - connection open
2025-08-20 14:21:27,878 - websockets.server - ERROR - connection handler failed
Traceback (most recent call last):
  File "C:\Users\LOQ\OneDrive\Pictures\Desktop\Cyber_Traning\closer-speacer-detiction\.venv\Lib\site-packages\websockets\asyncio\server.py", line 376, in conn_handler
    await self.handler(connection)
          ~~~~~~~~~~~~^^^^^^^^^^^^
TypeError: WebSocketServer.handle_client() missing 1 required positional argument: 'path'
2025-08-20 14:21:29,876 - websockets.server - INFO - connection open
2025-08-20 14:21:29,876 - websockets.server - ERROR - connection handler failed
Traceback (most recent call last):
  File "C:\Users\LOQ\OneDrive\Pictures\Desktop\Cyber_Traning\closer-speacer-detiction\.venv\Lib\site-packages\websockets\asyncio\server.py", line 376, in conn_handler
    await self.handler(connection)
          ~~~~~~~~~~~~^^^^^^^^^^^^
TypeError: WebSocketServer.handle_client() missing 1 required positional argument: 'path'
2025-08-20 14:21:29,894 - websockets.server - INFO - connection open
2025-08-20 14:21:29,895 - websockets.server - ERROR - connection handler failed
Traceback (most recent call last):
  File "C:\Users\LOQ\OneDrive\Pictures\Desktop\Cyber_Traning\closer-speacer-detiction\.venv\Lib\site-packages\websockets\asyncio\server.py", line 376, in conn_handler
    await self.handler(connection)
          ~~~~~~~~~~~~^^^^^^^^^^^^
TypeError: WebSocketServer.handle_client() missing 1 required positional argument: 'path'
2025-08-20 14:21:30,869 - websockets.server - INFO - connection open
2025-08-20 14:21:30,869 - websockets.server - ERROR - connection handler failed
Traceback (most recent call last):
  File "C:\Users\LOQ\OneDrive\Pictures\Desktop\Cyber_Traning\closer-speacer-detiction\.venv\Lib\site-packages\websockets\asyncio\server.py", line 376, in conn_handler
    await self.handler(connection)
          ~~~~~~~~~~~~^^^^^^^^^^^^
TypeError: WebSocketServer.handle_client() missing 1 required positional argument: 'path'
2025-08-20 14:21:32,877 - websockets.server - INFO - connection open
2025-08-20 14:21:32,878 - websockets.server - ERROR - connection handler failed
Traceback (most recent call last):
  File "C:\Users\LOQ\OneDrive\Pictures\Desktop\Cyber_Traning\closer-speacer-detiction\.venv\Lib\site-packages\websockets\asyncio\server.py", line 376, in conn_handler
    await self.handler(connection)
          ~~~~~~~~~~~~^^^^^^^^^^^^
TypeError: WebSocketServer.handle_client() missing 1 required positional argument: 'path'
2025-08-20 14:21:32,892 - websockets.server - INFO - connection open
2025-08-20 14:21:32,892 - websockets.server - ERROR - connection handler failed
Traceback (most recent call last):
  File "C:\Users\LOQ\OneDrive\Pictures\Desktop\Cyber_Traning\closer-speacer-detiction\.venv\Lib\site-packages\websockets\asyncio\server.py", line 376, in conn_handler
    await self.handler(connection)
          ~~~~~~~~~~~~^^^^^^^^^^^^
TypeError: WebSocketServer.handle_client() missing 1 required positional argument: 'path'
2025-08-20 14:21:32,907 - websockets.server - INFO - connection open
2025-08-20 14:21:32,908 - websockets.server - ERROR - connection handler failed
Traceback (most recent call last):
  File "C:\Users\LOQ\OneDrive\Pictures\Desktop\Cyber_Traning\closer-speacer-detiction\.venv\Lib\site-packages\websockets\asyncio\server.py", line 376, in conn_handler
    await self.handler(connection)
          ~~~~~~~~~~~~^^^^^^^^^^^^
TypeError: WebSocketServer.handle_client() missing 1 required positional argument: 'path'
2025-08-20 14:21:35,866 - websockets.server - INFO - connection open
2025-08-20 14:21:35,866 - websockets.server - ERROR - connection handler failed
Traceback (most recent call last):
  File "C:\Users\LOQ\OneDrive\Pictures\Desktop\Cyber_Traning\closer-speacer-detiction\.venv\Lib\site-packages\websockets\asyncio\server.py", line 376, in conn_handler
    await self.handler(connection)
          ~~~~~~~~~~~~^^^^^^^^^^^^
TypeError: WebSocketServer.handle_client() missing 1 required positional argument: 'path'
2025-08-20 14:21:35,880 - websockets.server - INFO - connection open
2025-08-20 14:21:35,881 - websockets.server - ERROR - connection handler failed
Traceback (most recent call last):
  File "C:\Users\LOQ\OneDrive\Pictures\Desktop\Cyber_Traning\closer-speacer-detiction\.venv\Lib\site-packages\websockets\asyncio\server.py", line 376, in conn_handler
    await self.handler(connection)
          ~~~~~~~~~~~~^^^^^^^^^^^^
TypeError: WebSocketServer.handle_client() missing 1 required positional argument: 'path'
2025-08-20 14:21:35,894 - websockets.server - INFO - connection open
2025-08-20 14:21:35,895 - websockets.server - ERROR - connection handler failed
Traceback (most recent call last):
  File "C:\Users\LOQ\OneDrive\Pictures\Desktop\Cyber_Traning\closer-speacer-detiction\.venv\Lib\site-packages\websockets\asyncio\server.py", line 376, in conn_handler
    await self.handler(connection)
          ~~~~~~~~~~~~^^^^^^^^^^^^
TypeError: WebSocketServer.handle_client() missing 1 required positional argument: 'path'
2025-08-20 14:21:38,869 - websockets.server - INFO - connection open
2025-08-20 14:21:38,870 - websockets.server - ERROR - connection handler failed
Traceback (most recent call last):
  File "C:\Users\LOQ\OneDrive\Pictures\Desktop\Cyber_Traning\closer-speacer-detiction\.venv\Lib\site-packages\websockets\asyncio\server.py", line 376, in conn_handler
    await self.handler(connection)
          ~~~~~~~~~~~~^^^^^^^^^^^^
TypeError: WebSocketServer.handle_client() missing 1 required positional argument: 'path'
2025-08-20 14:21:38,884 - websockets.server - INFO - connection open
2025-08-20 14:21:38,885 - websockets.server - ERROR - connection handler failed
Traceback (most recent call last):
  File "C:\Users\LOQ\OneDrive\Pictures\Desktop\Cyber_Traning\closer-speacer-detiction\.venv\Lib\site-packages\websockets\asyncio\server.py", line 376, in conn_handler
    await self.handler(connection)
          ~~~~~~~~~~~~^^^^^^^^^^^^
TypeError: WebSocketServer.handle_client() missing 1 required positional argument: 'path'
2025-08-20 14:21:38,902 - websockets.server - INFO - connection open
2025-08-20 14:21:38,903 - websockets.server - ERROR - connection handler failed
Traceback (most recent call last):
  File "C:\Users\LOQ\OneDrive\Pictures\Desktop\Cyber_Traning\closer-speacer-detiction\.venv\Lib\site-packages\websockets\asyncio\server.py", line 376, in conn_handler
    await self.handler(connection)
          ~~~~~~~~~~~~^^^^^^^^^^^^
TypeError: WebSocketServer.handle_client() missing 1 required positional argument: 'path'
2025-08-20 14:21:41,874 - websockets.server - INFO - connection open
2025-08-20 14:21:41,874 - websockets.server - ERROR - connection handler failed
Traceback (most recent call last):
  File "C:\Users\LOQ\OneDrive\Pictures\Desktop\Cyber_Traning\closer-speacer-detiction\.venv\Lib\site-packages\websockets\asyncio\server.py", line 376, in conn_handler
    await self.handler(connection)
          ~~~~~~~~~~~~^^^^^^^^^^^^
TypeError: WebSocketServer.handle_client() missing 1 required positional argument: 'path'
2025-08-20 14:21:41,887 - websockets.server - INFO - connection open
2025-08-20 14:21:41,887 - websockets.server - ERROR - connection handler failed
Traceback (most recent call last):
  File "C:\Users\LOQ\OneDrive\Pictures\Desktop\Cyber_Traning\closer-speacer-detiction\.venv\Lib\site-packages\websockets\asyncio\server.py", line 376, in conn_handler
    await self.handler(connection)
          ~~~~~~~~~~~~^^^^^^^^^^^^
TypeError: WebSocketServer.handle_client() missing 1 required positional argument: 'path'
2025-08-20 14:21:41,902 - websockets.server - INFO - connection open
2025-08-20 14:21:41,903 - websockets.server - ERROR - connection handler failed
Traceback (most recent call last):
  File "C:\Users\LOQ\OneDrive\Pictures\Desktop\Cyber_Traning\closer-speacer-detiction\.venv\Lib\site-packages\websockets\asyncio\server.py", line 376, in conn_handler
    await self.handler(connection)
          ~~~~~~~~~~~~^^^^^^^^^^^^
TypeError: WebSocketServer.handle_client() missing 1 required positional argument: 'path'
2025-08-20 14:21:44,875 - websockets.server - INFO - connection open
2025-08-20 14:21:44,876 - websockets.server - ERROR - connection handler failed
Traceback (most recent call last):
  File "C:\Users\LOQ\OneDrive\Pictures\Desktop\Cyber_Traning\closer-speacer-detiction\.venv\Lib\site-packages\websockets\asyncio\server.py", line 376, in conn_handler
    await self.handler(connection)
          ~~~~~~~~~~~~^^^^^^^^^^^^
TypeError: WebSocketServer.handle_client() missing 1 required positional argument: 'path'
2025-08-20 14:21:44,889 - websockets.server - INFO - connection open
2025-08-20 14:21:44,890 - websockets.server - ERROR - connection handler failed
Traceback (most recent call last):
  File "C:\Users\LOQ\OneDrive\Pictures\Desktop\Cyber_Traning\closer-speacer-detiction\.venv\Lib\site-packages\websockets\asyncio\server.py", line 376, in conn_handler
    await self.handler(connection)
          ~~~~~~~~~~~~^^^^^^^^^^^^
TypeError: WebSocketServer.handle_client() missing 1 required positional argument: 'path'
2025-08-20 14:21:44,905 - websockets.server - INFO - connection open
2025-08-20 14:21:44,906 - websockets.server - ERROR - connection handler failed
Traceback (most recent call last):
  File "C:\Users\LOQ\OneDrive\Pictures\Desktop\Cyber_Traning\closer-speacer-detiction\.venv\Lib\site-packages\websockets\asyncio\server.py", line 376, in conn_handler
    await self.handler(connection)
          ~~~~~~~~~~~~^^^^^^^^^^^^
TypeError: WebSocketServer.handle_client() missing 1 required positional argument: 'path'
2025-08-20 14:21:47,871 - websockets.server - INFO - connection open
2025-08-20 14:21:47,872 - websockets.server - ERROR - connection handler failed
Traceback (most recent call last):
  File "C:\Users\LOQ\OneDrive\Pictures\Desktop\Cyber_Traning\closer-speacer-detiction\.venv\Lib\site-packages\websockets\asyncio\server.py", line 376, in conn_handler
    await self.handler(connection)
          ~~~~~~~~~~~~^^^^^^^^^^^^
TypeError: WebSocketServer.handle_client() missing 1 required positional argument: 'path'
2025-08-20 14:21:47,885 - websockets.server - INFO - connection open
2025-08-20 14:21:47,886 - websockets.server - ERROR - connection handler failed
Traceback (most recent call last):
  File "C:\Users\LOQ\OneDrive\Pictures\Desktop\Cyber_Traning\closer-speacer-detiction\.venv\Lib\site-packages\websockets\asyncio\server.py", line 376, in conn_handler
    await self.handler(connection)
          ~~~~~~~~~~~~^^^^^^^^^^^^
TypeError: WebSocketServer.handle_client() missing 1 required positional argument: 'path'
2025-08-20 14:21:47,901 - websockets.server - INFO - connection open
2025-08-20 14:21:47,902 - websockets.server - ERROR - connection handler failed
Traceback (most recent call last):
  File "C:\Users\LOQ\OneDrive\Pictures\Desktop\Cyber_Traning\closer-speacer-detiction\.venv\Lib\site-packages\websockets\asyncio\server.py", line 376, in conn_handler
    await self.handler(connection)
          ~~~~~~~~~~~~^^^^^^^^^^^^
TypeError: WebSocketServer.handle_client() missing 1 required positional argument: 'path'
2025-08-20 14:21:50,879 - websockets.server - INFO - connection open
2025-08-20 14:21:50,880 - websockets.server - ERROR - connection handler failed
Traceback (most recent call last):
  File "C:\Users\LOQ\OneDrive\Pictures\Desktop\Cyber_Traning\closer-speacer-detiction\.venv\Lib\site-packages\websockets\asyncio\server.py", line 376, in conn_handler
    await self.handler(connection)
          ~~~~~~~~~~~~^^^^^^^^^^^^
TypeError: WebSocketServer.handle_client() missing 1 required positional argument: 'path'
2025-08-20 14:21:50,893 - websockets.server - INFO - connection open
2025-08-20 14:21:50,894 - websockets.server - ERROR - connection handler failed
Traceback (most recent call last):
  File "C:\Users\LOQ\OneDrive\Pictures\Desktop\Cyber_Traning\closer-speacer-detiction\.venv\Lib\site-packages\websockets\asyncio\server.py", line 376, in conn_handler
    await self.handler(connection)
          ~~~~~~~~~~~~^^^^^^^^^^^^
TypeError: WebSocketServer.handle_client() missing 1 required positional argument: 'path'
2025-08-20 14:21:50,909 - websockets.server - INFO - connection open
2025-08-20 14:21:50,910 - websockets.server - ERROR - connection handler failed
Traceback (most recent call last):
  File "C:\Users\LOQ\OneDrive\Pictures\Desktop\Cyber_Traning\closer-speacer-detiction\.venv\Lib\site-packages\websockets\asyncio\server.py", line 376, in conn_handler
    await self.handler(connection)
          ~~~~~~~~~~~~^^^^^^^^^^^^
TypeError: WebSocketServer.handle_client() missing 1 required positional argument: 'path'
2025-08-20 14:21:53,868 - websockets.server - INFO - connection open
2025-08-20 14:21:53,868 - websockets.server - ERROR - connection handler failed
Traceback (most recent call last):
  File "C:\Users\LOQ\OneDrive\Pictures\Desktop\Cyber_Traning\closer-speacer-detiction\.venv\Lib\site-packages\websockets\asyncio\server.py", line 376, in conn_handler
    await self.handler(connection)
          ~~~~~~~~~~~~^^^^^^^^^^^^
TypeError: WebSocketServer.handle_client() missing 1 required positional argument: 'path'
2025-08-20 14:21:53,881 - websockets.server - INFO - connection open
2025-08-20 14:21:53,882 - websockets.server - ERROR - connection handler failed
Traceback (most recent call last):
  File "C:\Users\LOQ\OneDrive\Pictures\Desktop\Cyber_Traning\closer-speacer-detiction\.venv\Lib\site-packages\websockets\asyncio\server.py", line 376, in conn_handler
    await self.handler(connection)
          ~~~~~~~~~~~~^^^^^^^^^^^^
TypeError: WebSocketServer.handle_client() missing 1 required positional argument: 'path'
2025-08-20 14:21:53,898 - websockets.server - INFO - connection open
2025-08-20 14:21:53,899 - websockets.server - ERROR - connection handler failed
Traceback (most recent call last):
  File "C:\Users\LOQ\OneDrive\Pictures\Desktop\Cyber_Traning\closer-speacer-detiction\.venv\Lib\site-packages\websockets\asyncio\server.py", line 376, in conn_handler
    await self.handler(connection)
          ~~~~~~~~~~~~^^^^^^^^^^^^
TypeError: WebSocketServer.handle_client() missing 1 required positional argument: 'path'
2025-08-20 14:21:56,878 - websockets.server - INFO - connection open
2025-08-20 14:21:56,879 - websockets.server - ERROR - connection handler failed
Traceback (most recent call last):
  File "C:\Users\LOQ\OneDrive\Pictures\Desktop\Cyber_Traning\closer-speacer-detiction\.venv\Lib\site-packages\websockets\asyncio\server.py", line 376, in conn_handler
    await self.handler(connection)
          ~~~~~~~~~~~~^^^^^^^^^^^^
TypeError: WebSocketServer.handle_client() missing 1 required positional argument: 'path'
2025-08-20 14:21:56,893 - websockets.server - INFO - connection open
2025-08-20 14:21:56,893 - websockets.server - ERROR - connection handler failed
Traceback (most recent call last):
  File "C:\Users\LOQ\OneDrive\Pictures\Desktop\Cyber_Traning\closer-speacer-detiction\.venv\Lib\site-packages\websockets\asyncio\server.py", line 376, in conn_handler
    await self.handler(connection)
          ~~~~~~~~~~~~^^^^^^^^^^^^
TypeError: WebSocketServer.handle_client() missing 1 required positional argument: 'path'
2025-08-20 14:21:56,908 - websockets.server - INFO - connection open
2025-08-20 14:21:56,909 - websockets.server - ERROR - connection handler failed
Traceback (most recent call last):
  File "C:\Users\LOQ\OneDrive\Pictures\Desktop\Cyber_Traning\closer-speacer-detiction\.venv\Lib\site-packages\websockets\asyncio\server.py", line 376, in conn_handler
    await self.handler(connection)
          ~~~~~~~~~~~~^^^^^^^^^^^^
TypeError: WebSocketServer.handle_client() missing 1 required positional argument: 'path'
2025-08-20 14:21:59,873 - websockets.server - INFO - connection open
2025-08-20 14:21:59,874 - websockets.server - ERROR - connection handler failed
Traceback (most recent call last):
  File "C:\Users\LOQ\OneDrive\Pictures\Desktop\Cyber_Traning\closer-speacer-detiction\.venv\Lib\site-packages\websockets\asyncio\server.py", line 376, in conn_handler
    await self.handler(connection)
          ~~~~~~~~~~~~^^^^^^^^^^^^
TypeError: WebSocketServer.handle_client() missing 1 required positional argument: 'path'
2025-08-20 14:21:59,887 - websockets.server - INFO - connection open
2025-08-20 14:21:59,887 - websockets.server - ERROR - connection handler failed
Traceback (most recent call last):
  File "C:\Users\LOQ\OneDrive\Pictures\Desktop\Cyber_Traning\closer-speacer-detiction\.venv\Lib\site-packages\websockets\asyncio\server.py", line 376, in conn_handler
    await self.handler(connection)
          ~~~~~~~~~~~~^^^^^^^^^^^^
TypeError: WebSocketServer.handle_client() missing 1 required positional argument: 'path'
2025-08-20 14:21:59,903 - websockets.server - INFO - connection open
2025-08-20 14:21:59,903 - websockets.server - ERROR - connection handler failed
Traceback (most recent call last):
  File "C:\Users\LOQ\OneDrive\Pictures\Desktop\Cyber_Traning\closer-speacer-detiction\.venv\Lib\site-packages\websockets\asyncio\server.py", line 376, in conn_handler
    await self.handler(connection)
          ~~~~~~~~~~~~^^^^^^^^^^^^
TypeError: WebSocketServer.handle_client() missing 1 required positional argument: 'path'
2025-08-20 14:22:02,873 - websockets.server - INFO - connection open
2025-08-20 14:22:02,874 - websockets.server - ERROR - connection handler failed
Traceback (most recent call last):
  File "C:\Users\LOQ\OneDrive\Pictures\Desktop\Cyber_Traning\closer-speacer-detiction\.venv\Lib\site-packages\websockets\asyncio\server.py", line 376, in conn_handler
    await self.handler(connection)
          ~~~~~~~~~~~~^^^^^^^^^^^^
TypeError: WebSocketServer.handle_client() missing 1 required positional argument: 'path'
2025-08-20 14:22:02,888 - websockets.server - INFO - connection open
2025-08-20 14:22:02,888 - websockets.server - ERROR - connection handler failed
Traceback (most recent call last):
  File "C:\Users\LOQ\OneDrive\Pictures\Desktop\Cyber_Traning\closer-speacer-detiction\.venv\Lib\site-packages\websockets\asyncio\server.py", line 376, in conn_handler
    await self.handler(connection)
          ~~~~~~~~~~~~^^^^^^^^^^^^
TypeError: WebSocketServer.handle_client() missing 1 required positional argument: 'path'
2025-08-20 14:22:02,903 - websockets.server - INFO - connection open
2025-08-20 14:22:02,904 - websockets.server - ERROR - connection handler failed
Traceback (most recent call last):
  File "C:\Users\LOQ\OneDrive\Pictures\Desktop\Cyber_Traning\closer-speacer-detiction\.venv\Lib\site-packages\websockets\asyncio\server.py", line 376, in conn_handler
    await self.handler(connection)
          ~~~~~~~~~~~~^^^^^^^^^^^^
TypeError: WebSocketServer.handle_client() missing 1 required positional argument: 'path'
2025-08-20 14:22:05,869 - websockets.server - INFO - connection open
2025-08-20 14:22:05,870 - websockets.server - ERROR - connection handler failed
Traceback (most recent call last):
  File "C:\Users\LOQ\OneDrive\Pictures\Desktop\Cyber_Traning\closer-speacer-detiction\.venv\Lib\site-packages\websockets\asyncio\server.py", line 376, in conn_handler
    await self.handler(connection)
          ~~~~~~~~~~~~^^^^^^^^^^^^
TypeError: WebSocketServer.handle_client() missing 1 required positional argument: 'path'
2025-08-20 14:22:05,884 - websockets.server - INFO - connection open
2025-08-20 14:22:05,884 - websockets.server - ERROR - connection handler failed
Traceback (most recent call last):
  File "C:\Users\LOQ\OneDrive\Pictures\Desktop\Cyber_Traning\closer-speacer-detiction\.venv\Lib\site-packages\websockets\asyncio\server.py", line 376, in conn_handler
    await self.handler(connection)
          ~~~~~~~~~~~~^^^^^^^^^^^^
TypeError: WebSocketServer.handle_client() missing 1 required positional argument: 'path'
2025-08-20 14:22:05,900 - websockets.server - INFO - connection open
2025-08-20 14:22:05,900 - websockets.server - ERROR - connection handler failed
Traceback (most recent call last):
  File "C:\Users\LOQ\OneDrive\Pictures\Desktop\Cyber_Traning\closer-speacer-detiction\.venv\Lib\site-packages\websockets\asyncio\server.py", line 376, in conn_handler
    await self.handler(connection)
          ~~~~~~~~~~~~^^^^^^^^^^^^
TypeError: WebSocketServer.handle_client() missing 1 required positional argument: 'path'
2025-08-20 14:22:08,880 - websockets.server - INFO - connection open
2025-08-20 14:22:08,881 - websockets.server - ERROR - connection handler failed
Traceback (most recent call last):
  File "C:\Users\LOQ\OneDrive\Pictures\Desktop\Cyber_Traning\closer-speacer-detiction\.venv\Lib\site-packages\websockets\asyncio\server.py", line 376, in conn_handler
    await self.handler(connection)
          ~~~~~~~~~~~~^^^^^^^^^^^^
TypeError: WebSocketServer.handle_client() missing 1 required positional argument: 'path'
2025-08-20 14:22:08,895 - websockets.server - INFO - connection open
2025-08-20 14:22:08,896 - websockets.server - ERROR - connection handler failed
Traceback (most recent call last):
  File "C:\Users\LOQ\OneDrive\Pictures\Desktop\Cyber_Traning\closer-speacer-detiction\.venv\Lib\site-packages\websockets\asyncio\server.py", line 376, in conn_handler
    await self.handler(connection)
          ~~~~~~~~~~~~^^^^^^^^^^^^
TypeError: WebSocketServer.handle_client() missing 1 required positional argument: 'path'
2025-08-20 14:22:08,911 - websockets.server - INFO - connection open
2025-08-20 14:22:08,911 - websockets.server - ERROR - connection handler failed
Traceback (most recent call last):
  File "C:\Users\LOQ\OneDrive\Pictures\Desktop\Cyber_Traning\closer-speacer-detiction\.venv\Lib\site-packages\websockets\asyncio\server.py", line 376, in conn_handler
    await self.handler(connection)
          ~~~~~~~~~~~~^^^^^^^^^^^^
TypeError: WebSocketServer.handle_client() missing 1 required positional argument: 'path'
2025-08-20 14:22:11,873 - websockets.server - INFO - connection open
2025-08-20 14:22:11,874 - websockets.server - ERROR - connection handler failed
Traceback (most recent call last):
  File "C:\Users\LOQ\OneDrive\Pictures\Desktop\Cyber_Traning\closer-speacer-detiction\.venv\Lib\site-packages\websockets\asyncio\server.py", line 376, in conn_handler
    await self.handler(connection)
          ~~~~~~~~~~~~^^^^^^^^^^^^
TypeError: WebSocketServer.handle_client() missing 1 required positional argument: 'path'
2025-08-20 14:22:11,888 - websockets.server - INFO - connection open
2025-08-20 14:22:11,889 - websockets.server - ERROR - connection handler failed
Traceback (most recent call last):
  File "C:\Users\LOQ\OneDrive\Pictures\Desktop\Cyber_Traning\closer-speacer-detiction\.venv\Lib\site-packages\websockets\asyncio\server.py", line 376, in conn_handler
    await self.handler(connection)
          ~~~~~~~~~~~~^^^^^^^^^^^^
TypeError: WebSocketServer.handle_client() missing 1 required positional argument: 'path'
2025-08-20 14:22:11,904 - websockets.server - INFO - connection open
2025-08-20 14:22:11,905 - websockets.server - ERROR - connection handler failed
Traceback (most recent call last):
  File "C:\Users\LOQ\OneDrive\Pictures\Desktop\Cyber_Traning\closer-speacer-detiction\.venv\Lib\site-packages\websockets\asyncio\server.py", line 376, in conn_handler
    await self.handler(connection)
          ~~~~~~~~~~~~^^^^^^^^^^^^
TypeError: WebSocketServer.handle_client() missing 1 required positional argument: 'path'
2025-08-20 14:22:14,867 - websockets.server - INFO - connection open
2025-08-20 14:22:14,868 - websockets.server - ERROR - connection handler failed
Traceback (most recent call last):
  File "C:\Users\LOQ\OneDrive\Pictures\Desktop\Cyber_Traning\closer-speacer-detiction\.venv\Lib\site-packages\websockets\asyncio\server.py", line 376, in conn_handler
    await self.handler(connection)
          ~~~~~~~~~~~~^^^^^^^^^^^^
TypeError: WebSocketServer.handle_client() missing 1 required positional argument: 'path'
2025-08-20 14:22:14,882 - websockets.server - INFO - connection open
2025-08-20 14:22:14,882 - websockets.server - ERROR - connection handler failed
Traceback (most recent call last):
  File "C:\Users\LOQ\OneDrive\Pictures\Desktop\Cyber_Traning\closer-speacer-detiction\.venv\Lib\site-packages\websockets\asyncio\server.py", line 376, in conn_handler
    await self.handler(connection)
          ~~~~~~~~~~~~^^^^^^^^^^^^
TypeError: WebSocketServer.handle_client() missing 1 required positional argument: 'path'
2025-08-20 14:22:14,897 - websockets.server - INFO - connection open
2025-08-20 14:22:14,898 - websockets.server - ERROR - connection handler failed
Traceback (most recent call last):
  File "C:\Users\LOQ\OneDrive\Pictures\Desktop\Cyber_Traning\closer-speacer-detiction\.venv\Lib\site-packages\websockets\asyncio\server.py", line 376, in conn_handler
    await self.handler(connection)
          ~~~~~~~~~~~~^^^^^^^^^^^^
TypeError: WebSocketServer.handle_client() missing 1 required positional argument: 'path'
2025-08-20 14:22:17,874 - websockets.server - INFO - connection open
2025-08-20 14:22:17,875 - websockets.server - ERROR - connection handler failed
Traceback (most recent call last):
  File "C:\Users\LOQ\OneDrive\Pictures\Desktop\Cyber_Traning\closer-speacer-detiction\.venv\Lib\site-packages\websockets\asyncio\server.py", line 376, in conn_handler
    await self.handler(connection)
          ~~~~~~~~~~~~^^^^^^^^^^^^
TypeError: WebSocketServer.handle_client() missing 1 required positional argument: 'path'
2025-08-20 14:22:17,888 - websockets.server - INFO - connection open
2025-08-20 14:22:17,888 - websockets.server - ERROR - connection handler failed
Traceback (most recent call last):
  File "C:\Users\LOQ\OneDrive\Pictures\Desktop\Cyber_Traning\closer-speacer-detiction\.venv\Lib\site-packages\websockets\asyncio\server.py", line 376, in conn_handler
    await self.handler(connection)
          ~~~~~~~~~~~~^^^^^^^^^^^^
TypeError: WebSocketServer.handle_client() missing 1 required positional argument: 'path'
2025-08-20 14:22:17,904 - websockets.server - INFO - connection open
2025-08-20 14:22:17,905 - websockets.server - ERROR - connection handler failed
Traceback (most recent call last):
  File "C:\Users\LOQ\OneDrive\Pictures\Desktop\Cyber_Traning\closer-speacer-detiction\.venv\Lib\site-packages\websockets\asyncio\server.py", line 376, in conn_handler
    await self.handler(connection)
          ~~~~~~~~~~~~^^^^^^^^^^^^
TypeError: WebSocketServer.handle_client() missing 1 required positional argument: 'path'
2025-08-20 14:22:20,870 - websockets.server - INFO - connection open
2025-08-20 14:22:20,870 - websockets.server - ERROR - connection handler failed
Traceback (most recent call last):
  File "C:\Users\LOQ\OneDrive\Pictures\Desktop\Cyber_Traning\closer-speacer-detiction\.venv\Lib\site-packages\websockets\asyncio\server.py", line 376, in conn_handler
    await self.handler(connection)
          ~~~~~~~~~~~~^^^^^^^^^^^^
TypeError: WebSocketServer.handle_client() missing 1 required positional argument: 'path'
2025-08-20 14:22:20,884 - websockets.server - INFO - connection open
2025-08-20 14:22:20,884 - websockets.server - ERROR - connection handler failed
Traceback (most recent call last):
  File "C:\Users\LOQ\OneDrive\Pictures\Desktop\Cyber_Traning\closer-speacer-detiction\.venv\Lib\site-packages\websockets\asyncio\server.py", line 376, in conn_handler
    await self.handler(connection)
          ~~~~~~~~~~~~^^^^^^^^^^^^
TypeError: WebSocketServer.handle_client() missing 1 required positional argument: 'path'
2025-08-20 14:22:20,899 - websockets.server - INFO - connection open
2025-08-20 14:22:20,900 - websockets.server - ERROR - connection handler failed
Traceback (most recent call last):
  File "C:\Users\LOQ\OneDrive\Pictures\Desktop\Cyber_Traning\closer-speacer-detiction\.venv\Lib\site-packages\websockets\asyncio\server.py", line 376, in conn_handler
    await self.handler(connection)
          ~~~~~~~~~~~~^^^^^^^^^^^^
TypeError: WebSocketServer.handle_client() missing 1 required positional argument: 'path'
2025-08-20 14:22:23,878 - websockets.server - INFO - connection open
2025-08-20 14:22:23,879 - websockets.server - ERROR - connection handler failed
Traceback (most recent call last):
  File "C:\Users\LOQ\OneDrive\Pictures\Desktop\Cyber_Traning\closer-speacer-detiction\.venv\Lib\site-packages\websockets\asyncio\server.py", line 376, in conn_handler
    await self.handler(connection)
          ~~~~~~~~~~~~^^^^^^^^^^^^
TypeError: WebSocketServer.handle_client() missing 1 required positional argument: 'path'
2025-08-20 14:22:23,893 - websockets.server - INFO - connection open
2025-08-20 14:22:23,893 - websockets.server - ERROR - connection handler failed
Traceback (most recent call last):
  File "C:\Users\LOQ\OneDrive\Pictures\Desktop\Cyber_Traning\closer-speacer-detiction\.venv\Lib\site-packages\websockets\asyncio\server.py", line 376, in conn_handler
    await self.handler(connection)
          ~~~~~~~~~~~~^^^^^^^^^^^^
TypeError: WebSocketServer.handle_client() missing 1 required positional argument: 'path'
2025-08-20 14:22:23,908 - websockets.server - INFO - connection open
2025-08-20 14:22:23,909 - websockets.server - ERROR - connection handler failed
Traceback (most recent call last):
  File "C:\Users\LOQ\OneDrive\Pictures\Desktop\Cyber_Traning\closer-speacer-detiction\.venv\Lib\site-packages\websockets\asyncio\server.py", line 376, in conn_handler
    await self.handler(connection)
          ~~~~~~~~~~~~^^^^^^^^^^^^
TypeError: WebSocketServer.handle_client() missing 1 required positional argument: 'path'
2025-08-20 14:22:26,871 - websockets.server - INFO - connection open
2025-08-20 14:22:26,872 - websockets.server - ERROR - connection handler failed
Traceback (most recent call last):
  File "C:\Users\LOQ\OneDrive\Pictures\Desktop\Cyber_Traning\closer-speacer-detiction\.venv\Lib\site-packages\websockets\asyncio\server.py", line 376, in conn_handler
    await self.handler(connection)
          ~~~~~~~~~~~~^^^^^^^^^^^^
TypeError: WebSocketServer.handle_client() missing 1 required positional argument: 'path'
2025-08-20 14:22:26,886 - websockets.server - INFO - connection open
2025-08-20 14:22:26,886 - websockets.server - ERROR - connection handler failed
Traceback (most recent call last):
  File "C:\Users\LOQ\OneDrive\Pictures\Desktop\Cyber_Traning\closer-speacer-detiction\.venv\Lib\site-packages\websockets\asyncio\server.py", line 376, in conn_handler
    await self.handler(connection)
          ~~~~~~~~~~~~^^^^^^^^^^^^
TypeError: WebSocketServer.handle_client() missing 1 required positional argument: 'path'
2025-08-20 14:22:26,901 - websockets.server - INFO - connection open
2025-08-20 14:22:26,901 - websockets.server - ERROR - connection handler failed
Traceback (most recent call last):
  File "C:\Users\LOQ\OneDrive\Pictures\Desktop\Cyber_Traning\closer-speacer-detiction\.venv\Lib\site-packages\websockets\asyncio\server.py", line 376, in conn_handler
    await self.handler(connection)
          ~~~~~~~~~~~~^^^^^^^^^^^^
TypeError: WebSocketServer.handle_client() missing 1 required positional argument: 'path'
2025-08-20 14:22:29,883 - websockets.server - INFO - connection open
2025-08-20 14:22:29,883 - websockets.server - ERROR - connection handler failed
Traceback (most recent call last):
  File "C:\Users\LOQ\OneDrive\Pictures\Desktop\Cyber_Traning\closer-speacer-detiction\.venv\Lib\site-packages\websockets\asyncio\server.py", line 376, in conn_handler
    await self.handler(connection)
          ~~~~~~~~~~~~^^^^^^^^^^^^
TypeError: WebSocketServer.handle_client() missing 1 required positional argument: 'path'
2025-08-20 14:22:29,896 - websockets.server - INFO - connection open
2025-08-20 14:22:29,897 - websockets.server - ERROR - connection handler failed
Traceback (most recent call last):
  File "C:\Users\LOQ\OneDrive\Pictures\Desktop\Cyber_Traning\closer-speacer-detiction\.venv\Lib\site-packages\websockets\asyncio\server.py", line 376, in conn_handler
    await self.handler(connection)
          ~~~~~~~~~~~~^^^^^^^^^^^^
TypeError: WebSocketServer.handle_client() missing 1 required positional argument: 'path'
2025-08-20 14:22:29,912 - websockets.server - INFO - connection open
2025-08-20 14:22:29,912 - websockets.server - ERROR - connection handler failed
Traceback (most recent call last):
  File "C:\Users\LOQ\OneDrive\Pictures\Desktop\Cyber_Traning\closer-speacer-detiction\.venv\Lib\site-packages\websockets\asyncio\server.py", line 376, in conn_handler
    await self.handler(connection)
          ~~~~~~~~~~~~^^^^^^^^^^^^
TypeError: WebSocketServer.handle_client() missing 1 required positional argument: 'path'
2025-08-20 14:22:32,881 - websockets.server - INFO - connection open
2025-08-20 14:22:32,882 - websockets.server - ERROR - connection handler failed
Traceback (most recent call last):
  File "C:\Users\LOQ\OneDrive\Pictures\Desktop\Cyber_Traning\closer-speacer-detiction\.venv\Lib\site-packages\websockets\asyncio\server.py", line 376, in conn_handler
    await self.handler(connection)
          ~~~~~~~~~~~~^^^^^^^^^^^^
TypeError: WebSocketServer.handle_client() missing 1 required positional argument: 'path'
2025-08-20 14:22:32,895 - websockets.server - INFO - connection open
2025-08-20 14:22:32,896 - websockets.server - ERROR - connection handler failed
Traceback (most recent call last):
  File "C:\Users\LOQ\OneDrive\Pictures\Desktop\Cyber_Traning\closer-speacer-detiction\.venv\Lib\site-packages\websockets\asyncio\server.py", line 376, in conn_handler
    await self.handler(connection)
          ~~~~~~~~~~~~^^^^^^^^^^^^
TypeError: WebSocketServer.handle_client() missing 1 required positional argument: 'path'
2025-08-20 14:22:32,912 - websockets.server - INFO - connection open
2025-08-20 14:22:32,912 - websockets.server - ERROR - connection handler failed
Traceback (most recent call last):
  File "C:\Users\LOQ\OneDrive\Pictures\Desktop\Cyber_Traning\closer-speacer-detiction\.venv\Lib\site-packages\websockets\asyncio\server.py", line 376, in conn_handler
    await self.handler(connection)
          ~~~~~~~~~~~~^^^^^^^^^^^^
TypeError: WebSocketServer.handle_client() missing 1 required positional argument: 'path'
2025-08-20 14:22:35,871 - websockets.server - INFO - connection open
2025-08-20 14:22:35,872 - websockets.server - ERROR - connection handler failed
Traceback (most recent call last):
  File "C:\Users\LOQ\OneDrive\Pictures\Desktop\Cyber_Traning\closer-speacer-detiction\.venv\Lib\site-packages\websockets\asyncio\server.py", line 376, in conn_handler
    await self.handler(connection)
          ~~~~~~~~~~~~^^^^^^^^^^^^
TypeError: WebSocketServer.handle_client() missing 1 required positional argument: 'path'
2025-08-20 14:22:35,898 - websockets.server - INFO - connection open
2025-08-20 14:22:35,899 - websockets.server - ERROR - connection handler failed
Traceback (most recent call last):
  File "C:\Users\LOQ\OneDrive\Pictures\Desktop\Cyber_Traning\closer-speacer-detiction\.venv\Lib\site-packages\websockets\asyncio\server.py", line 376, in conn_handler
    await self.handler(connection)
          ~~~~~~~~~~~~^^^^^^^^^^^^
TypeError: WebSocketServer.handle_client() missing 1 required positional argument: 'path'
2025-08-20 14:22:35,913 - websockets.server - INFO - connection open
2025-08-20 14:22:35,913 - websockets.server - ERROR - connection handler failed
Traceback (most recent call last):
  File "C:\Users\LOQ\OneDrive\Pictures\Desktop\Cyber_Traning\closer-speacer-detiction\.venv\Lib\site-packages\websockets\asyncio\server.py", line 376, in conn_handler
    await self.handler(connection)
          ~~~~~~~~~~~~^^^^^^^^^^^^
TypeError: WebSocketServer.handle_client() missing 1 required positional argument: 'path'
2025-08-20 14:22:38,870 - websockets.server - INFO - connection open
2025-08-20 14:22:38,871 - websockets.server - ERROR - connection handler failed
Traceback (most recent call last):
  File "C:\Users\LOQ\OneDrive\Pictures\Desktop\Cyber_Traning\closer-speacer-detiction\.venv\Lib\site-packages\websockets\asyncio\server.py", line 376, in conn_handler
    await self.handler(connection)
          ~~~~~~~~~~~~^^^^^^^^^^^^
TypeError: WebSocketServer.handle_client() missing 1 required positional argument: 'path'
2025-08-20 14:22:38,883 - websockets.server - INFO - connection open
2025-08-20 14:22:38,884 - websockets.server - ERROR - connection handler failed
Traceback (most recent call last):
  File "C:\Users\LOQ\OneDrive\Pictures\Desktop\Cyber_Traning\closer-speacer-detiction\.venv\Lib\site-packages\websockets\asyncio\server.py", line 376, in conn_handler
    await self.handler(connection)
          ~~~~~~~~~~~~^^^^^^^^^^^^
TypeError: WebSocketServer.handle_client() missing 1 required positional argument: 'path'
2025-08-20 14:22:38,904 - websockets.server - INFO - connection open
2025-08-20 14:22:38,905 - websockets.server - ERROR - connection handler failed
Traceback (most recent call last):
  File "C:\Users\LOQ\OneDrive\Pictures\Desktop\Cyber_Traning\closer-speacer-detiction\.venv\Lib\site-packages\websockets\asyncio\server.py", line 376, in conn_handler
    await self.handler(connection)
          ~~~~~~~~~~~~^^^^^^^^^^^^
TypeError: WebSocketServer.handle_client() missing 1 required positional argument: 'path'
2025-08-20 14:22:41,883 - websockets.server - INFO - connection open
2025-08-20 14:22:41,883 - websockets.server - ERROR - connection handler failed
Traceback (most recent call last):
  File "C:\Users\LOQ\OneDrive\Pictures\Desktop\Cyber_Traning\closer-speacer-detiction\.venv\Lib\site-packages\websockets\asyncio\server.py", line 376, in conn_handler
    await self.handler(connection)
          ~~~~~~~~~~~~^^^^^^^^^^^^
TypeError: WebSocketServer.handle_client() missing 1 required positional argument: 'path'
2025-08-20 14:22:41,896 - websockets.server - INFO - connection open
2025-08-20 14:22:41,897 - websockets.server - ERROR - connection handler failed
Traceback (most recent call last):
  File "C:\Users\LOQ\OneDrive\Pictures\Desktop\Cyber_Traning\closer-speacer-detiction\.venv\Lib\site-packages\websockets\asyncio\server.py", line 376, in conn_handler
    await self.handler(connection)
          ~~~~~~~~~~~~^^^^^^^^^^^^
TypeError: WebSocketServer.handle_client() missing 1 required positional argument: 'path'
2025-08-20 14:22:41,910 - websockets.server - INFO - connection open
2025-08-20 14:22:41,911 - websockets.server - ERROR - connection handler failed
Traceback (most recent call last):
  File "C:\Users\LOQ\OneDrive\Pictures\Desktop\Cyber_Traning\closer-speacer-detiction\.venv\Lib\site-packages\websockets\asyncio\server.py", line 376, in conn_handler
    await self.handler(connection)
          ~~~~~~~~~~~~^^^^^^^^^^^^
TypeError: WebSocketServer.handle_client() missing 1 required positional argument: 'path'
2025-08-20 14:22:44,870 - websockets.server - INFO - connection open
2025-08-20 14:22:44,871 - websockets.server - ERROR - connection handler failed
Traceback (most recent call last):
  File "C:\Users\LOQ\OneDrive\Pictures\Desktop\Cyber_Traning\closer-speacer-detiction\.venv\Lib\site-packages\websockets\asyncio\server.py", line 376, in conn_handler
    await self.handler(connection)
          ~~~~~~~~~~~~^^^^^^^^^^^^
TypeError: WebSocketServer.handle_client() missing 1 required positional argument: 'path'
2025-08-20 14:22:44,889 - websockets.server - INFO - connection open
2025-08-20 14:22:44,890 - websockets.server - ERROR - connection handler failed
Traceback (most recent call last):
  File "C:\Users\LOQ\OneDrive\Pictures\Desktop\Cyber_Traning\closer-speacer-detiction\.venv\Lib\site-packages\websockets\asyncio\server.py", line 376, in conn_handler
    await self.handler(connection)
          ~~~~~~~~~~~~^^^^^^^^^^^^
TypeError: WebSocketServer.handle_client() missing 1 required positional argument: 'path'
2025-08-20 14:22:44,905 - websockets.server - INFO - connection open
2025-08-20 14:22:44,905 - websockets.server - ERROR - connection handler failed
Traceback (most recent call last):
  File "C:\Users\LOQ\OneDrive\Pictures\Desktop\Cyber_Traning\closer-speacer-detiction\.venv\Lib\site-packages\websockets\asyncio\server.py", line 376, in conn_handler
    await self.handler(connection)
          ~~~~~~~~~~~~^^^^^^^^^^^^
TypeError: WebSocketServer.handle_client() missing 1 required positional argument: 'path'
2025-08-20 14:22:47,878 - websockets.server - INFO - connection open
2025-08-20 14:22:47,878 - websockets.server - ERROR - connection handler failed
Traceback (most recent call last):
  File "C:\Users\LOQ\OneDrive\Pictures\Desktop\Cyber_Traning\closer-speacer-detiction\.venv\Lib\site-packages\websockets\asyncio\server.py", line 376, in conn_handler
    await self.handler(connection)
          ~~~~~~~~~~~~^^^^^^^^^^^^
TypeError: WebSocketServer.handle_client() missing 1 required positional argument: 'path'
2025-08-20 14:22:47,904 - websockets.server - INFO - connection open
2025-08-20 14:22:47,905 - websockets.server - ERROR - connection handler failed
Traceback (most recent call last):
  File "C:\Users\LOQ\OneDrive\Pictures\Desktop\Cyber_Traning\closer-speacer-detiction\.venv\Lib\site-packages\websockets\asyncio\server.py", line 376, in conn_handler
    await self.handler(connection)
          ~~~~~~~~~~~~^^^^^^^^^^^^
TypeError: WebSocketServer.handle_client() missing 1 required positional argument: 'path'
2025-08-20 14:22:47,920 - websockets.server - INFO - connection open
2025-08-20 14:22:47,920 - websockets.server - ERROR - connection handler failed
Traceback (most recent call last):
  File "C:\Users\LOQ\OneDrive\Pictures\Desktop\Cyber_Traning\closer-speacer-detiction\.venv\Lib\site-packages\websockets\asyncio\server.py", line 376, in conn_handler
    await self.handler(connection)
          ~~~~~~~~~~~~^^^^^^^^^^^^
TypeError: WebSocketServer.handle_client() missing 1 required positional argument: 'path'
2025-08-20 14:23:36,058 - __main__ - INFO - WebRTC VAD initialized with aggressiveness level 2
2025-08-20 14:23:36,058 - __main__ - INFO - Speech Recognition initialized
2025-08-20 14:23:36,058 - __main__ - INFO - AudioProcessor initialized (sample_rate=16000Hz)
2025-08-20 14:23:36,059 - __main__ - INFO - SpeakerManager initialized
2025-08-20 14:23:36,059 - __main__ - INFO - WebSocket server initialized on localhost:8765
2025-08-20 14:23:36,149 - websockets.server - INFO - server listening on 127.0.0.1:8765
2025-08-20 14:23:36,150 - websockets.server - INFO - server listening on [::1]:8765
2025-08-20 14:23:54,609 - websockets.server - INFO - connection open
2025-08-20 14:23:54,610 - websockets.server - ERROR - connection handler failed
Traceback (most recent call last):
  File "C:\Users\LOQ\OneDrive\Pictures\Desktop\Cyber_Traning\closer-speacer-detiction\.venv\Lib\site-packages\websockets\asyncio\server.py", line 376, in conn_handler
    await self.handler(connection)
          ~~~~~~~~~~~~^^^^^^^^^^^^
TypeError: WebSocketServer.handle_client() missing 1 required positional argument: 'path'
2025-08-20 14:23:55,105 - websockets.server - INFO - connection open
2025-08-20 14:23:55,105 - websockets.server - ERROR - connection handler failed
Traceback (most recent call last):
  File "C:\Users\LOQ\OneDrive\Pictures\Desktop\Cyber_Traning\closer-speacer-detiction\.venv\Lib\site-packages\websockets\asyncio\server.py", line 376, in conn_handler
    await self.handler(connection)
          ~~~~~~~~~~~~^^^^^^^^^^^^
TypeError: WebSocketServer.handle_client() missing 1 required positional argument: 'path'
2025-08-20 14:23:56,627 - websockets.server - INFO - connection open
2025-08-20 14:23:56,628 - websockets.server - ERROR - connection handler failed
Traceback (most recent call last):
  File "C:\Users\LOQ\OneDrive\Pictures\Desktop\Cyber_Traning\closer-speacer-detiction\.venv\Lib\site-packages\websockets\asyncio\server.py", line 376, in conn_handler
    await self.handler(connection)
          ~~~~~~~~~~~~^^^^^^^^^^^^
TypeError: WebSocketServer.handle_client() missing 1 required positional argument: 'path'
2025-08-20 14:23:56,988 - websockets.server - INFO - connection open
2025-08-20 14:23:56,988 - websockets.server - ERROR - connection handler failed
Traceback (most recent call last):
  File "C:\Users\LOQ\OneDrive\Pictures\Desktop\Cyber_Traning\closer-speacer-detiction\.venv\Lib\site-packages\websockets\asyncio\server.py", line 376, in conn_handler
    await self.handler(connection)
          ~~~~~~~~~~~~^^^^^^^^^^^^
TypeError: WebSocketServer.handle_client() missing 1 required positional argument: 'path'
2025-08-20 14:23:57,124 - websockets.server - INFO - connection open
2025-08-20 14:23:57,125 - websockets.server - ERROR - connection handler failed
Traceback (most recent call last):
  File "C:\Users\LOQ\OneDrive\Pictures\Desktop\Cyber_Traning\closer-speacer-detiction\.venv\Lib\site-packages\websockets\asyncio\server.py", line 376, in conn_handler
    await self.handler(connection)
          ~~~~~~~~~~~~^^^^^^^^^^^^
TypeError: WebSocketServer.handle_client() missing 1 required positional argument: 'path'
2025-08-20 14:23:58,635 - websockets.server - INFO - connection open
2025-08-20 14:23:58,635 - websockets.server - ERROR - connection handler failed
Traceback (most recent call last):
  File "C:\Users\LOQ\OneDrive\Pictures\Desktop\Cyber_Traning\closer-speacer-detiction\.venv\Lib\site-packages\websockets\asyncio\server.py", line 376, in conn_handler
    await self.handler(connection)
          ~~~~~~~~~~~~^^^^^^^^^^^^
TypeError: WebSocketServer.handle_client() missing 1 required positional argument: 'path'
2025-08-20 14:23:59,005 - websockets.server - INFO - connection open
2025-08-20 14:23:59,006 - websockets.server - ERROR - connection handler failed
Traceback (most recent call last):
  File "C:\Users\LOQ\OneDrive\Pictures\Desktop\Cyber_Traning\closer-speacer-detiction\.venv\Lib\site-packages\websockets\asyncio\server.py", line 376, in conn_handler
    await self.handler(connection)
          ~~~~~~~~~~~~^^^^^^^^^^^^
TypeError: WebSocketServer.handle_client() missing 1 required positional argument: 'path'
2025-08-20 14:23:59,135 - websockets.server - INFO - connection open
2025-08-20 14:23:59,136 - websockets.server - ERROR - connection handler failed
Traceback (most recent call last):
  File "C:\Users\LOQ\OneDrive\Pictures\Desktop\Cyber_Traning\closer-speacer-detiction\.venv\Lib\site-packages\websockets\asyncio\server.py", line 376, in conn_handler
    await self.handler(connection)
          ~~~~~~~~~~~~^^^^^^^^^^^^
TypeError: WebSocketServer.handle_client() missing 1 required positional argument: 'path'
2025-08-20 14:24:00,643 - websockets.server - INFO - connection open
2025-08-20 14:24:00,643 - websockets.server - ERROR - connection handler failed
Traceback (most recent call last):
  File "C:\Users\LOQ\OneDrive\Pictures\Desktop\Cyber_Traning\closer-speacer-detiction\.venv\Lib\site-packages\websockets\asyncio\server.py", line 376, in conn_handler
    await self.handler(connection)
          ~~~~~~~~~~~~^^^^^^^^^^^^
TypeError: WebSocketServer.handle_client() missing 1 required positional argument: 'path'
2025-08-20 14:24:01,021 - websockets.server - INFO - connection open
2025-08-20 14:24:01,021 - websockets.server - ERROR - connection handler failed
Traceback (most recent call last):
  File "C:\Users\LOQ\OneDrive\Pictures\Desktop\Cyber_Traning\closer-speacer-detiction\.venv\Lib\site-packages\websockets\asyncio\server.py", line 376, in conn_handler
    await self.handler(connection)
          ~~~~~~~~~~~~^^^^^^^^^^^^
TypeError: WebSocketServer.handle_client() missing 1 required positional argument: 'path'
2025-08-20 14:24:01,146 - websockets.server - INFO - connection open
2025-08-20 14:24:01,146 - websockets.server - ERROR - connection handler failed
Traceback (most recent call last):
  File "C:\Users\LOQ\OneDrive\Pictures\Desktop\Cyber_Traning\closer-speacer-detiction\.venv\Lib\site-packages\websockets\asyncio\server.py", line 376, in conn_handler
    await self.handler(connection)
          ~~~~~~~~~~~~^^^^^^^^^^^^
TypeError: WebSocketServer.handle_client() missing 1 required positional argument: 'path'
2025-08-20 14:24:02,650 - websockets.server - INFO - connection open
2025-08-20 14:24:02,651 - websockets.server - ERROR - connection handler failed
Traceback (most recent call last):
  File "C:\Users\LOQ\OneDrive\Pictures\Desktop\Cyber_Traning\closer-speacer-detiction\.venv\Lib\site-packages\websockets\asyncio\server.py", line 376, in conn_handler
    await self.handler(connection)
          ~~~~~~~~~~~~^^^^^^^^^^^^
TypeError: WebSocketServer.handle_client() missing 1 required positional argument: 'path'
2025-08-20 14:24:03,030 - websockets.server - INFO - connection open
2025-08-20 14:24:03,031 - websockets.server - ERROR - connection handler failed
Traceback (most recent call last):
  File "C:\Users\LOQ\OneDrive\Pictures\Desktop\Cyber_Traning\closer-speacer-detiction\.venv\Lib\site-packages\websockets\asyncio\server.py", line 376, in conn_handler
    await self.handler(connection)
          ~~~~~~~~~~~~^^^^^^^^^^^^
TypeError: WebSocketServer.handle_client() missing 1 required positional argument: 'path'
2025-08-20 14:24:03,155 - websockets.server - INFO - connection open
2025-08-20 14:24:03,156 - websockets.server - ERROR - connection handler failed
Traceback (most recent call last):
  File "C:\Users\LOQ\OneDrive\Pictures\Desktop\Cyber_Traning\closer-speacer-detiction\.venv\Lib\site-packages\websockets\asyncio\server.py", line 376, in conn_handler
    await self.handler(connection)
          ~~~~~~~~~~~~^^^^^^^^^^^^
TypeError: WebSocketServer.handle_client() missing 1 required positional argument: 'path'
2025-08-20 14:24:03,867 - websockets.server - INFO - connection open
2025-08-20 14:24:03,867 - websockets.server - ERROR - connection handler failed
Traceback (most recent call last):
  File "C:\Users\LOQ\OneDrive\Pictures\Desktop\Cyber_Traning\closer-speacer-detiction\.venv\Lib\site-packages\websockets\asyncio\server.py", line 376, in conn_handler
    await self.handler(connection)
          ~~~~~~~~~~~~^^^^^^^^^^^^
TypeError: WebSocketServer.handle_client() missing 1 required positional argument: 'path'
2025-08-20 14:24:04,664 - websockets.server - INFO - connection open
2025-08-20 14:24:04,665 - websockets.server - ERROR - connection handler failed
Traceback (most recent call last):
  File "C:\Users\LOQ\OneDrive\Pictures\Desktop\Cyber_Traning\closer-speacer-detiction\.venv\Lib\site-packages\websockets\asyncio\server.py", line 376, in conn_handler
    await self.handler(connection)
          ~~~~~~~~~~~~^^^^^^^^^^^^
TypeError: WebSocketServer.handle_client() missing 1 required positional argument: 'path'
2025-08-20 14:24:05,041 - websockets.server - INFO - connection open
2025-08-20 14:24:05,042 - websockets.server - ERROR - connection handler failed
Traceback (most recent call last):
  File "C:\Users\LOQ\OneDrive\Pictures\Desktop\Cyber_Traning\closer-speacer-detiction\.venv\Lib\site-packages\websockets\asyncio\server.py", line 376, in conn_handler
    await self.handler(connection)
          ~~~~~~~~~~~~^^^^^^^^^^^^
TypeError: WebSocketServer.handle_client() missing 1 required positional argument: 'path'
2025-08-20 14:24:05,164 - websockets.server - INFO - connection open
2025-08-20 14:24:05,164 - websockets.server - ERROR - connection handler failed
Traceback (most recent call last):
  File "C:\Users\LOQ\OneDrive\Pictures\Desktop\Cyber_Traning\closer-speacer-detiction\.venv\Lib\site-packages\websockets\asyncio\server.py", line 376, in conn_handler
    await self.handler(connection)
          ~~~~~~~~~~~~^^^^^^^^^^^^
TypeError: WebSocketServer.handle_client() missing 1 required positional argument: 'path'
2025-08-20 14:24:05,877 - websockets.server - INFO - connection open
2025-08-20 14:24:05,878 - websockets.server - ERROR - connection handler failed
Traceback (most recent call last):
  File "C:\Users\LOQ\OneDrive\Pictures\Desktop\Cyber_Traning\closer-speacer-detiction\.venv\Lib\site-packages\websockets\asyncio\server.py", line 376, in conn_handler
    await self.handler(connection)
          ~~~~~~~~~~~~^^^^^^^^^^^^
TypeError: WebSocketServer.handle_client() missing 1 required positional argument: 'path'
2025-08-20 14:24:06,672 - websockets.server - INFO - connection open
2025-08-20 14:24:06,673 - websockets.server - ERROR - connection handler failed
Traceback (most recent call last):
  File "C:\Users\LOQ\OneDrive\Pictures\Desktop\Cyber_Traning\closer-speacer-detiction\.venv\Lib\site-packages\websockets\asyncio\server.py", line 376, in conn_handler
    await self.handler(connection)
          ~~~~~~~~~~~~^^^^^^^^^^^^
TypeError: WebSocketServer.handle_client() missing 1 required positional argument: 'path'
2025-08-20 14:24:07,050 - websockets.server - INFO - connection open
2025-08-20 14:24:07,051 - websockets.server - ERROR - connection handler failed
Traceback (most recent call last):
  File "C:\Users\LOQ\OneDrive\Pictures\Desktop\Cyber_Traning\closer-speacer-detiction\.venv\Lib\site-packages\websockets\asyncio\server.py", line 376, in conn_handler
    await self.handler(connection)
          ~~~~~~~~~~~~^^^^^^^^^^^^
TypeError: WebSocketServer.handle_client() missing 1 required positional argument: 'path'
2025-08-20 14:24:07,176 - websockets.server - INFO - connection open
2025-08-20 14:24:07,176 - websockets.server - ERROR - connection handler failed
Traceback (most recent call last):
  File "C:\Users\LOQ\OneDrive\Pictures\Desktop\Cyber_Traning\closer-speacer-detiction\.venv\Lib\site-packages\websockets\asyncio\server.py", line 376, in conn_handler
    await self.handler(connection)
          ~~~~~~~~~~~~^^^^^^^^^^^^
TypeError: WebSocketServer.handle_client() missing 1 required positional argument: 'path'
2025-08-20 14:24:07,887 - websockets.server - INFO - connection open
2025-08-20 14:24:07,887 - websockets.server - ERROR - connection handler failed
Traceback (most recent call last):
  File "C:\Users\LOQ\OneDrive\Pictures\Desktop\Cyber_Traning\closer-speacer-detiction\.venv\Lib\site-packages\websockets\asyncio\server.py", line 376, in conn_handler
    await self.handler(connection)
          ~~~~~~~~~~~~^^^^^^^^^^^^
TypeError: WebSocketServer.handle_client() missing 1 required positional argument: 'path'
2025-08-20 14:24:08,679 - websockets.server - INFO - connection open
2025-08-20 14:24:08,679 - websockets.server - ERROR - connection handler failed
Traceback (most recent call last):
  File "C:\Users\LOQ\OneDrive\Pictures\Desktop\Cyber_Traning\closer-speacer-detiction\.venv\Lib\site-packages\websockets\asyncio\server.py", line 376, in conn_handler
    await self.handler(connection)
          ~~~~~~~~~~~~^^^^^^^^^^^^
TypeError: WebSocketServer.handle_client() missing 1 required positional argument: 'path'
2025-08-20 14:24:09,063 - websockets.server - INFO - connection open
2025-08-20 14:24:09,064 - websockets.server - ERROR - connection handler failed
Traceback (most recent call last):
  File "C:\Users\LOQ\OneDrive\Pictures\Desktop\Cyber_Traning\closer-speacer-detiction\.venv\Lib\site-packages\websockets\asyncio\server.py", line 376, in conn_handler
    await self.handler(connection)
          ~~~~~~~~~~~~^^^^^^^^^^^^
TypeError: WebSocketServer.handle_client() missing 1 required positional argument: 'path'
2025-08-20 14:24:09,192 - websockets.server - INFO - connection open
2025-08-20 14:24:09,193 - websockets.server - ERROR - connection handler failed
Traceback (most recent call last):
  File "C:\Users\LOQ\OneDrive\Pictures\Desktop\Cyber_Traning\closer-speacer-detiction\.venv\Lib\site-packages\websockets\asyncio\server.py", line 376, in conn_handler
    await self.handler(connection)
          ~~~~~~~~~~~~^^^^^^^^^^^^
TypeError: WebSocketServer.handle_client() missing 1 required positional argument: 'path'
2025-08-20 14:24:09,899 - websockets.server - INFO - connection open
2025-08-20 14:24:09,900 - websockets.server - ERROR - connection handler failed
Traceback (most recent call last):
  File "C:\Users\LOQ\OneDrive\Pictures\Desktop\Cyber_Traning\closer-speacer-detiction\.venv\Lib\site-packages\websockets\asyncio\server.py", line 376, in conn_handler
    await self.handler(connection)
          ~~~~~~~~~~~~^^^^^^^^^^^^
TypeError: WebSocketServer.handle_client() missing 1 required positional argument: 'path'
2025-08-20 14:24:10,681 - websockets.server - INFO - server closing
2025-08-20 14:24:10,682 - websockets.server - INFO - server closed
2025-08-20 14:24:10,684 - __main__ - INFO - Server stopped by user
2025-08-20 14:31:09,328 - __main__ - INFO - WebRTC VAD initialized with aggressiveness level 2
2025-08-20 14:31:09,329 - __main__ - INFO - Speech Recognition initialized
2025-08-20 14:31:09,329 - __main__ - INFO - AudioProcessor initialized (sample_rate=16000Hz)
2025-08-20 14:31:09,329 - __main__ - INFO - SpeakerManager initialized
2025-08-20 14:31:09,329 - __main__ - INFO - WebSocket server initialized on localhost:8765
2025-08-20 14:31:09,374 - websockets.server - INFO - server listening on [::1]:8765
2025-08-20 14:31:09,375 - websockets.server - INFO - server listening on 127.0.0.1:8765
2025-08-20 14:36:38,875 - websockets.server - INFO - server closing
2025-08-20 14:36:38,875 - websockets.server - INFO - server closed
2025-08-20 14:36:38,877 - __main__ - INFO - Server stopped by user
2025-08-20 14:39:50,020 - __main__ - INFO - WebRTC VAD initialized with aggressiveness level 2
2025-08-20 14:39:50,020 - __main__ - INFO - Speech Recognition initialized
2025-08-20 14:39:50,020 - __main__ - INFO - AudioProcessor initialized (sample_rate=16000Hz)
2025-08-20 14:39:50,020 - __main__ - INFO - SpeakerManager initialized
2025-08-20 14:39:50,020 - __main__ - INFO - WebSocket server initialized on localhost:8765
2025-08-20 14:39:50,065 - websockets.server - INFO - server listening on [::1]:8765
2025-08-20 14:39:50,065 - websockets.server - INFO - server listening on 127.0.0.1:8765
2025-08-20 14:40:54,038 - websockets.server - INFO - server closing
2025-08-20 14:40:54,040 - websockets.server - INFO - server closed
2025-08-20 14:40:54,042 - __main__ - INFO - Server stopped by user
